-- phpMyAdmin SQL Dump
-- version 4.6.5.2
-- https://www.phpmyadmin.net/
--
-- Client :  localhost
-- Généré le :  Ven 03 Février 2017 à 06:13
-- Version du serveur :  5.7.16
-- Version de PHP :  7.0.14

SET SQL_MODE = "NO_AUTO_VALUE_ON_ZERO";
SET time_zone = "+00:00";


/*!40101 SET @OLD_CHARACTER_SET_CLIENT=@@CHARACTER_SET_CLIENT */;
/*!40101 SET @OLD_CHARACTER_SET_RESULTS=@@CHARACTER_SET_RESULTS */;
/*!40101 SET @OLD_COLLATION_CONNECTION=@@COLLATION_CONNECTION */;
/*!40101 SET NAMES utf8mb4 */;

--
-- Base de données :  `zilu`
--

-- --------------------------------------------------------

--
-- Structure de la table `article`
--

CREATE TABLE `article` (
  `id` int(11) NOT NULL,
  `reference_lf` varchar(45) NOT NULL,
  `reference_hldp` varchar(45) NOT NULL,
  `prix` decimal(10,2) NOT NULL,
  `poids` decimal(10,2) NOT NULL,
  `descr_fr` text NOT NULL,
  `descr_en` text NOT NULL
) ENGINE=InnoDB DEFAULT CHARSET=latin1;

--
-- Contenu de la table `article`
--

INSERT INTO `article` (`id`, `reference_lf`, `reference_hldp`, `prix`, `poids`, `descr_fr`, `descr_en`) VALUES
(101, 'iNirj', 'QzWGX', '330.36', '473.30', 'Nulla ligula justo, egestas quis ultrices id, tristique et dolor.\nPraesent commodo, leo at cursus viverra, sem enim sodales tellus, ac porttitor ligula justo ut dolor.', 'Donec laoreet ex ac nulla ullamcorper gravida.\nCurabitur accumsan, magna nec vestibulum molestie, sem mi placerat tellus, varius vestibulum lacus sem non eros.'),
(102, 'BXcgn', 'QTznB', '220.82', '709.99', 'Nulla sapien arcu, ullamcorper sit amet nunc a, malesuada fringilla diam.\nCurabitur faucibus tincidunt pretium.\nVestibulum commodo, enim in pulvinar efficitur, libero est hendrerit nisi, at eleifend magna turpis a dui.', 'Proin ac est scelerisque, interdum turpis eget, sodales metus.\nMorbi a nulla rhoncus, convallis justo nec, scelerisque velit.'),
(103, 'AjsPQ', 'ngHTv', '599.20', '374.00', 'Maecenas fermentum sapien ac ornare ullamcorper.\nSed maximus non mauris ac blandit.\nNam volutpat, elit maximus auctor auctor, lectus massa pretium purus, et rutrum mauris sapien in diam.', 'Phasellus ut felis et est euismod pharetra.\nProin tristique dui vel sapien pharetra placerat.'),
(104, 'wekhn', 'patCX', '183.50', '579.75', 'Praesent nec accumsan ipsum, a dapibus risus.\nVivamus ultricies vehicula mi feugiat sodales.', 'Quisque velit nisi, vestibulum sit amet gravida sit amet, semper a felis.\nNunc laoreet quam ultrices, placerat arcu feugiat, porta turpis.'),
(105, 'pvsRh', 'uahmI', '53.78', '847.19', 'Mauris vehicula, mauris vel condimentum efficitur, ante lorem laoreet metus, mollis posuere ligula urna malesuada nunc.\nMorbi lectus tortor, blandit a magna quis, consectetur varius massa.\nNulla et velit erat.', 'Etiam eget nunc et orci auctor hendrerit.\nVestibulum elementum augue et justo lobortis lobortis.\nVestibulum ac nunc sem.'),
(106, 'TKENf', 'wpjPx', '183.10', '539.48', 'Etiam sed diam viverra, laoreet nisl sed, pretium lorem.\nInteger ac mattis felis.\nMauris ut lectus vitae diam ultrices ornare vitae at lectus.', 'In hac habitasse platea dictumst.\nNullam non mauris porta, rhoncus leo sit amet, dignissim sapien.\nProin consequat neque a ex semper, ut vehicula massa convallis.'),
(107, 'uPslp', 'NXJLr', '246.73', '307.20', 'Suspendisse et egestas justo.\nPraesent egestas, magna non dictum laoreet, turpis lacus consectetur arcu, vitae euismod lectus sapien iaculis nunc.\nDonec mattis velit non nisi molestie tempor.', 'Vestibulum mauris lorem, vestibulum volutpat lectus ut, elementum viverra quam.\nPraesent pulvinar ante ac auctor interdum.\nIn venenatis laoreet elit in rutrum.'),
(108, 'OeJuy', 'YbJRi', '959.98', '89.35', 'Sed magna ex, interdum quis imperdiet sit amet, laoreet id augue.\nNullam placerat nulla vel lacus suscipit, et viverra nisi mattis.', 'Ut sed porttitor ligula.\nFusce tempus nulla nibh, at tincidunt mi facilisis vel.'),
(109, 'IgXgd', 'fyIJu', '202.67', '724.41', 'In blandit, justo non iaculis efficitur, justo tortor sodales eros, vitae gravida purus massa ut dui.\nSuspendisse potenti.\nProin lacinia sem orci, at aliquet leo sagittis at.', 'Sed risus risus, imperdiet ut auctor quis, molestie a nulla.\nProin condimentum tempus sapien.\nEtiam sit amet fermentum dui, eu placerat sem.'),
(110, 'XxfcV', 'YmgIq', '772.90', '844.53', 'Vivamus sagittis sollicitudin lacinia.\nVivamus at mattis diam.', 'Mauris ut lectus vitae diam ultrices ornare vitae at lectus.\nInteger iaculis magna tincidunt, auctor risus non, tempor ligula.'),
(111, 'OygYU', 'rrrYB', '634.15', '640.66', 'Morbi mattis elit nec congue cursus.\nCurabitur faucibus tincidunt pretium.', 'Maecenas porttitor molestie elementum.\nMaecenas porttitor molestie elementum.'),
(112, 'YQMVL', 'IAaXG', '852.09', '840.28', 'Mauris ut lectus vitae diam ultrices ornare vitae at lectus.\nIn pharetra venenatis purus ultrices viverra.', 'In hac habitasse platea dictumst.\nProin in ante convallis, hendrerit neque eu, rutrum massa.'),
(113, 'ovqUW', 'HZxiW', '904.53', '479.78', 'Cras iaculis mollis viverra.\nSuspendisse potenti.', 'Vivamus eleifend sapien neque, at pulvinar lorem sagittis vel.\nCras commodo tortor id diam tristique porttitor.'),
(114, 'icNLa', 'svRmS', '742.48', '109.79', 'Duis auctor odio eget metus accumsan malesuada.\nMorbi sollicitudin dui porttitor rutrum posuere.', 'Cras tristique dapibus justo quis pharetra.\nDuis facilisis interdum leo.'),
(115, 'qrlGc', 'RiVxx', '34.78', '123.66', 'Pellentesque tempus ullamcorper mauris, id semper augue imperdiet et.\nInteger suscipit ipsum dui, sed maximus eros molestie non.\nDonec ac leo ac nisi facilisis tempor et sit amet erat.', 'Ut vitae porttitor magna, vitae molestie lacus.\nCras vel tincidunt justo.'),
(116, 'VERHa', 'wMbET', '183.15', '673.58', 'Donec congue ultricies lectus mollis consequat.\nInteger at dolor scelerisque, feugiat tellus eget, auctor risus.', 'Maecenas nulla sapien, scelerisque quis lacus at, pulvinar sodales ex.\nNunc at ligula tempus, congue lectus eget, dapibus ante.\nSuspendisse bibendum quam quis justo molestie fringilla.'),
(117, 'MKahn', 'rMwxp', '344.20', '137.04', 'Suspendisse et odio nec neque bibendum dignissim.\nMorbi imperdiet sapien vitae sem pretium, at finibus dolor semper.\nMorbi cursus metus rhoncus libero sodales tristique.', 'Vivamus eu sem sem.\nMauris nec suscipit leo, at vulputate justo.\nFusce et ex ut turpis scelerisque interdum.'),
(118, 'owDep', 'xviFD', '792.28', '962.02', 'Cras ac justo blandit nibh posuere tempus vel sed mi.\nSed accumsan ex id bibendum porta.\nMaecenas mattis turpis a risus fermentum venenatis.', 'Fusce vitae velit ut sapien sollicitudin faucibus.\nEtiam lectus augue, maximus nec massa eu, vestibulum sollicitudin orci.\nSed sit amet feugiat tellus.'),
(119, 'mDLUE', 'laeFi', '762.22', '981.93', 'Vestibulum at tincidunt magna.\nProin pharetra rhoncus lacinia.', 'Aliquam aliquam justo nec mauris fermentum, ac congue eros pretium.\nCurabitur ipsum purus, commodo vel mauris at, varius convallis mauris.'),
(120, 'hYRTD', 'UnjkV', '436.98', '536.70', 'Etiam euismod purus eros, eget lacinia lectus ullamcorper ut.\nCras placerat at quam ac cursus.', 'Mauris non porta urna, id accumsan ex.\nDonec neque nisl, pellentesque ut imperdiet eu, porta ut nisi.'),
(121, 'yxDay', 'cQVvo', '301.36', '909.74', 'Quisque ac ex purus.\nCras ac justo blandit nibh posuere tempus vel sed mi.\nSed facilisis ex nisi, pellentesque egestas lorem iaculis cursus.', 'Maecenas mattis turpis a risus fermentum venenatis.\nDonec sed lacus nibh.\nCurabitur aliquet turpis in faucibus pharetra.'),
(122, 'QnAFH', 'mKlSd', '445.76', '829.72', 'Suspendisse eleifend sed nulla sed dictum.\nNam volutpat augue vel tellus feugiat, sed cursus nunc vestibulum.\nAenean hendrerit imperdiet blandit.', 'Nullam dignissim maximus mi in lobortis.\nCurabitur aliquet turpis in faucibus pharetra.'),
(123, 'RyETp', 'OrhNk', '53.21', '415.88', 'Donec malesuada a nulla nec hendrerit.\nQuisque velit nisi, vestibulum sit amet gravida sit amet, semper a felis.', 'Quisque maximus dolor nunc, nec ultrices lorem feugiat vitae.\nMaecenas ac interdum orci.'),
(124, 'trvCU', 'YwHev', '921.10', '149.11', 'Aliquam ac diam vehicula, viverra magna a, feugiat metus.\nPellentesque habitant morbi tristique senectus et netus et malesuada fames ac turpis egestas.\nNullam malesuada, velit at consectetur lobortis, mauris nulla tincidunt felis, nec gravida tortor lorem sed velit.', 'Cras pharetra, erat ut ultricies condimentum, ipsum eros porttitor libero, at euismod augue mi non augue.\nMaecenas ex felis, maximus id sodales ut, laoreet non odio.'),
(125, 'GitkV', 'umtvX', '25.66', '555.74', 'Nam tincidunt ipsum ex, in facilisis nibh sollicitudin eget.\nVivamus id lacus eget felis gravida pharetra.', 'Nulla id mauris tincidunt, pulvinar ante eu, aliquet magna.\nDonec mattis velit non nisi molestie tempor.\nProin eget dictum tortor.'),
(126, 'CoTKM', 'KNCtG', '74.26', '167.73', 'Phasellus et hendrerit ipsum, ac auctor erat.\nProin lacinia sem orci, at aliquet leo sagittis at.', 'Sed ornare risus et mauris interdum, et mollis neque volutpat.\nNunc mauris dolor, rhoncus nec laoreet sed, faucibus a turpis.\nMauris vitae mi quis nibh posuere volutpat.'),
(127, 'RgiBc', 'xzjHE', '883.80', '52.09', 'Nunc aliquam placerat ante quis sodales.\nQuisque id tempor nunc.', 'Nam ac sagittis nulla.\nSed condimentum tincidunt sapien, nec iaculis arcu sodales vitae.\nVestibulum ante ipsum primis in faucibus orci luctus et ultrices posuere cubilia Curae; Sed lobortis et diam a pulvinar.'),
(128, 'VcKLk', 'IzRaq', '533.68', '304.07', 'In hac habitasse platea dictumst.\nMaecenas mollis at erat ut pharetra.\nNam ut placerat felis.', 'Nullam gravida ligula justo.\nSuspendisse efficitur ex non velit elementum, eu congue enim dictum.'),
(129, 'wpbUt', 'jQpdP', '610.44', '217.34', 'Nullam suscipit eu lectus non egestas.\nPhasellus imperdiet augue ac sapien congue, et pharetra ante tristique.\nMaecenas condimentum, diam vel consequat auctor, nisi eros convallis magna, ut mollis ex quam nec enim.', 'Maecenas at eros sed orci tincidunt posuere.\nMorbi vel tincidunt nisl.'),
(130, 'aLfgN', 'YUqTd', '361.74', '926.64', 'Nullam tristique nisi sed ullamcorper faucibus.\nInteger vehicula sed lectus vitae scelerisque.', 'Donec vel egestas ipsum.\nDonec vel mattis purus.'),
(131, 'PVURG', 'mxVtA', '95.64', '831.18', 'Sed quis pellentesque libero, a posuere urna.\nNullam ornare ex quis dui viverra varius.\nVivamus eu sem sem.', 'Nam eleifend lorem est.\nPraesent dignissim erat at ipsum facilisis tempus.'),
(132, 'Kfrro', 'eAOlz', '528.92', '179.01', 'Fusce posuere tempor elit, sed pretium lorem.\nIn at tempor dolor.\nAliquam posuere id dolor sed pretium.', 'Etiam ullamcorper turpis sapien, at pretium ex faucibus sed.\nSuspendisse vitae sem bibendum, molestie metus vel, posuere turpis.\nNunc a dignissim nisl.'),
(133, 'nptKs', 'wZvPd', '900.31', '159.90', 'Curabitur iaculis, mauris sit amet consectetur finibus, leo ex commodo metus, sed efficitur felis purus in enim.\nMorbi dictum ornare augue, quis ultricies diam facilisis eu.\nVestibulum lacinia, enim porta porttitor gravida, ex arcu ultrices diam, nec cursus libero lectus ac elit.', 'In hac habitasse platea dictumst.\nNullam id orci faucibus, molestie orci in, euismod eros.\nPraesent ac enim ac metus mattis mollis eu nec ex.'),
(134, 'UaDCT', 'eIsIz', '384.69', '921.63', 'Fusce convallis, ex nec dignissim convallis, mi nunc molestie elit, ac lobortis arcu augue vel mi.\nInteger eget vulputate est, et elementum nibh.\nMaecenas efficitur justo ante, in elementum odio tempor vel.', 'Curabitur neque quam, ultricies ut libero a, faucibus sollicitudin quam.\nFusce id finibus risus.'),
(135, 'xXPbe', 'kqvRL', '171.03', '19.02', 'Aenean mollis felis vitae ligula dapibus, tristique efficitur risus pellentesque.\nPraesent nec risus in sem finibus malesuada a a magna.', 'Lorem ipsum dolor sit amet, consectetur adipiscing elit.\nAliquam eu facilisis libero.'),
(136, 'GVtOv', 'CSxcW', '401.51', '564.66', 'Quisque velit nisi, vestibulum sit amet gravida sit amet, semper a felis.\nSed ac libero at sapien molestie egestas in vel libero.', 'Sed mattis dui sed orci dapibus, a convallis sapien rutrum.\nMaecenas mauris purus, volutpat et gravida eget, accumsan non ex.\nCurabitur a elementum nisl, sit amet lacinia eros.'),
(137, 'VkZsq', 'smxsL', '493.09', '808.02', 'Mauris placerat metus at mi imperdiet venenatis sit amet in leo.\nSed ut dignissim diam, sed scelerisque nibh.', 'Nam in odio pretium, mattis dui quis, molestie leo.\nDonec mi erat, malesuada et efficitur eget, elementum ac sem.\nEtiam et velit dui.'),
(138, 'lKyPM', 'soJZZ', '522.04', '350.70', 'Proin quis lacinia augue, id porttitor mauris.\nMauris ut egestas nulla.\nSed nec velit lacus.', 'In hac habitasse platea dictumst.\nMorbi eget bibendum ipsum.\nVestibulum mauris lorem, vestibulum volutpat lectus ut, elementum viverra quam.'),
(139, 'vIHxc', 'Mtqvy', '935.01', '291.55', 'Sed ornare risus et mauris interdum, et mollis neque volutpat.\nNam faucibus mauris quam, suscipit pulvinar velit efficitur sit amet.', 'Praesent efficitur nec mauris tristique maximus.\nCurabitur a elementum nisl, sit amet lacinia eros.'),
(140, 'aPZpG', 'wnQYM', '838.25', '605.23', 'Quisque ac aliquet risus, non porttitor lacus.\nNunc aliquam, tellus et pretium fermentum, mi magna viverra eros, sit amet interdum diam nunc nec ante.', 'Ut nec gravida mauris, et convallis tellus.\nAenean eu lobortis neque.'),
(141, 'DeVzF', 'DdUeF', '998.61', '117.01', 'Aliquam at sem et lacus dictum molestie.\nNullam tempor felis augue, vel facilisis elit fringilla eu.\nDonec ullamcorper vitae ex ac commodo.', 'In maximus neque a odio tincidunt, eu dapibus augue varius.\nDonec sit amet ligula a turpis sollicitudin dapibus.'),
(142, 'KiJNp', 'plzTV', '112.36', '388.91', 'Integer neque erat, ullamcorper eget feugiat eu, scelerisque nec nisi.\nNunc orci lorem, mattis et posuere sit amet, sollicitudin at ante.\nDonec mattis velit non nisi molestie tempor.', 'Nam tincidunt lectus ac volutpat venenatis.\nIn bibendum, nisl sed fermentum dapibus, orci orci fringilla lorem, et dictum nibh lorem eu ex.\nDonec ultrices odio elit, et lacinia dui rutrum facilisis.'),
(143, 'pvSEh', 'QEqks', '189.33', '800.02', 'Nullam dictum pellentesque eros quis auctor.\nDuis sollicitudin vestibulum urna a viverra.\nMorbi imperdiet sapien vitae sem pretium, at finibus dolor semper.', 'Duis vitae finibus libero, et sagittis eros.\nEtiam rutrum quis magna quis pharetra.\nEtiam neque purus, commodo luctus viverra ut, molestie quis mi.'),
(144, 'PUjjb', 'hzyfb', '809.99', '791.39', 'Fusce mauris est, rutrum a accumsan sit amet, pellentesque ut enim.\nFusce gravida posuere mauris, dignissim mollis dui maximus vitae.\nSed nec ipsum non nibh commodo tempus et eu ex.', 'Vestibulum pellentesque lectus nec luctus lacinia.\nDuis vel bibendum dui, ac vestibulum mi.\nNulla facilisi.'),
(145, 'ubiXB', 'WOFpx', '812.16', '563.71', 'Praesent quis accumsan augue, et pellentesque felis.\nNunc pharetra varius sapien at tempor.\nInteger a eros sagittis, auctor sapien vitae, faucibus est.', 'Donec rutrum tempor tellus, sed condimentum ligula dictum sit amet.\nPhasellus cursus feugiat velit, ut suscipit tellus vulputate non.'),
(146, 'oaJEd', 'wRvOC', '366.35', '295.90', 'Proin ullamcorper pellentesque orci sit amet efficitur.\nQuisque congue augue nibh, et pellentesque ante dignissim nec.\nAenean rutrum tortor id sapien lacinia pulvinar.', 'Lorem ipsum dolor sit amet, consectetur adipiscing elit.\nCurabitur vel est nisi.\nSuspendisse fringilla velit tempus odio porta posuere.'),
(147, 'GTgOb', 'XPhbM', '636.82', '381.06', 'Vestibulum mauris lorem, vestibulum volutpat lectus ut, elementum viverra quam.\nDonec lacinia tincidunt felis, vitae pulvinar augue scelerisque interdum.', 'Duis eu nisl a lacus blandit congue eget in leo.\nSed feugiat arcu vel ligula porta vestibulum.'),
(148, 'ImCcE', 'dalZw', '684.53', '186.99', 'Nunc tristique, arcu vitae ultricies tincidunt, lacus tellus mattis ligula, molestie ornare nulla turpis a velit.\nAliquam erat volutpat.\nCras placerat at quam ac cursus.', 'Suspendisse sit amet mi malesuada, malesuada dui et, dictum dolor.\nNunc neque ante, lacinia eget sodales vel, placerat nec sem.'),
(149, 'KYszN', 'bTTNS', '235.90', '310.74', 'Proin vehicula viverra nunc vitae luctus.\nDuis lacus nulla, accumsan id turpis ut, viverra auctor mauris.\nPhasellus mattis elementum bibendum.', 'Curabitur aliquet turpis in faucibus pharetra.\nUt aliquet risus id maximus volutpat.'),
(150, 'MftAA', 'MaqVL', '888.99', '964.31', 'Integer at dolor scelerisque, feugiat tellus eget, auctor risus.\nEtiam aliquam nisi id commodo ultrices.\nNullam sed massa libero.', 'Nulla pharetra velit aliquam ex egestas imperdiet.\nProin mattis pulvinar pretium.'),
(151, 'EmpCt', 'dkdkI', '663.76', '871.66', 'Donec scelerisque quam ut efficitur mattis.\nDonec lacinia tincidunt felis, vitae pulvinar augue scelerisque interdum.', 'Praesent tristique lectus nibh, ut venenatis urna varius a.\nAliquam sapien ex, tempus quis consequat at, dignissim quis magna.\nPellentesque luctus vulputate faucibus.'),
(152, 'ocsgQ', 'omPfE', '690.72', '782.21', 'Donec purus metus, cursus at tortor eu, interdum elementum nunc.\nNullam at mi id justo consequat maximus eget in diam.\nAenean eu lobortis neque.', 'Proin at leo in leo dapibus ultrices.\nAenean commodo augue ultrices, consectetur mi sed, rutrum velit.\nMauris semper nec magna sit amet maximus.'),
(153, 'AHYtN', 'Tvlgz', '384.22', '179.46', 'Duis condimentum mi ac erat scelerisque sodales.\nUt aliquet risus id maximus volutpat.\nLorem ipsum dolor sit amet, consectetur adipiscing elit.', 'In varius nisl sed odio tristique, et cursus lectus laoreet.\nSed accumsan ex id bibendum porta.\nCras id ex neque.'),
(154, 'oNFzy', 'UeApW', '463.44', '5.83', 'Nulla sapien arcu, ullamcorper sit amet nunc a, malesuada fringilla diam.\nEtiam et velit dui.\nCras nec ornare risus.', 'Aenean vitae lectus nisl.\nNullam dictum pellentesque eros quis auctor.'),
(155, 'lZIhF', 'CRZyF', '54.15', '216.08', 'Ut sed posuere purus, vel rhoncus eros.\nCras commodo tortor id diam tristique porttitor.', 'Praesent egestas, magna non dictum laoreet, turpis lacus consectetur arcu, vitae euismod lectus sapien iaculis nunc.\nVivamus quis sapien id lacus fringilla placerat.'),
(156, 'KwLHX', 'JRBAn', '641.26', '641.02', 'Duis massa orci, ultrices ac facilisis et, fringilla quis dolor.\nVestibulum ante ipsum primis in faucibus orci luctus et ultrices posuere cubilia Curae; Sed lobortis et diam a pulvinar.', 'Nunc iaculis dignissim sem, eget faucibus tortor gravida eget.\nNullam et venenatis magna.\nDonec vel egestas ipsum.'),
(157, 'CUErT', 'MGoFW', '952.19', '582.46', 'Cras ultrices quam sed rhoncus malesuada.\nNullam cursus lectus in placerat blandit.\nVestibulum vulputate libero sed leo pretium auctor.', 'Aenean ut mauris tincidunt, dictum justo non, faucibus felis.\nCurabitur iaculis, mauris sit amet consectetur finibus, leo ex commodo metus, sed efficitur felis purus in enim.\nMauris eget neque tincidunt, faucibus elit at, tempus leo.'),
(158, 'ZTwia', 'hJFEI', '69.92', '403.90', 'Pellentesque habitant morbi tristique senectus et netus et malesuada fames ac turpis egestas.\nPraesent commodo dolor at nibh rhoncus, sit amet rutrum nibh porttitor.', 'Vestibulum at tincidunt magna.\nSed risus risus, imperdiet ut auctor quis, molestie a nulla.'),
(159, 'AXtmt', 'FBJEN', '21.38', '973.97', 'Etiam at condimentum tellus.\nMaecenas pretium augue et sagittis aliquet.', 'Maecenas vitae nisi ut metus scelerisque pretium.\nIn non augue sagittis dui semper feugiat.'),
(160, 'LmZjK', 'aPeRK', '263.36', '613.38', 'Curabitur ligula tellus, semper sed congue vel, porttitor condimentum nulla.\nSed malesuada, ante iaculis placerat auctor, urna elit rhoncus est, sed lobortis nunc dolor in lacus.', 'Phasellus eget diam euismod, faucibus nisi ac, ultrices lorem.\nFusce elementum efficitur tincidunt.\nMorbi ornare porttitor dapibus.'),
(161, 'XOqQK', 'XUvdN', '733.37', '914.48', 'Etiam at condimentum tellus.\nProin sed nisl a purus dapibus rhoncus ac non purus.', 'Morbi eget bibendum ipsum.\nNam imperdiet libero nec congue euismod.\nMaecenas suscipit sem tempor viverra faucibus.'),
(162, 'KDEwV', 'FfzVg', '678.06', '277.39', 'Aenean ut mauris tincidunt, dictum justo non, faucibus felis.\nPraesent et tortor porta, pharetra tortor eu, sollicitudin dui.', 'Nullam tristique nisi sed ullamcorper faucibus.\nIn hac habitasse platea dictumst.'),
(163, 'zRCME', 'EthQq', '432.04', '765.11', 'In pulvinar hendrerit rhoncus.\nNullam nec metus sit amet erat mattis sollicitudin.', 'Donec congue sem lectus, sed hendrerit nisl porttitor ut.\nUt iaculis convallis risus rutrum lacinia.'),
(164, 'NiKxw', 'deBRK', '481.92', '57.99', 'Etiam aliquam nisi id commodo ultrices.\nCurabitur nec lorem nec est iaculis tempus.', 'Morbi mattis elit nec congue cursus.\nNam imperdiet libero nec congue euismod.'),
(165, 'vOCPY', 'guRzz', '216.01', '37.50', 'Cum sociis natoque penatibus et magnis dis parturient montes, nascetur ridiculus mus.\nMauris nec blandit purus, scelerisque porttitor arcu.\nVivamus quis ipsum vel felis euismod suscipit.', 'Curabitur convallis, nulla posuere vulputate sollicitudin, eros nibh finibus lacus, eu pulvinar diam dui vitae ex.\nVivamus eu sapien vulputate, semper sem ullamcorper, scelerisque ex.'),
(166, 'QGhpq', 'enFKg', '112.73', '30.40', 'Duis vel bibendum dui, ac vestibulum mi.\nPellentesque neque turpis, fringilla quis tempus sagittis, pellentesque a ante.\nSed magna ex, interdum quis imperdiet sit amet, laoreet id augue.', 'Sed nec ex nibh.\nSed vitae enim augue.\nPraesent ipsum eros, dictum eget diam a, feugiat convallis felis.'),
(167, 'kRzDM', 'NZisv', '980.21', '593.71', 'Pellentesque non varius mauris.\nDonec elit quam, rhoncus sed ullamcorper et, lobortis ac enim.', 'Integer arcu justo, porttitor vehicula arcu non, dapibus viverra massa.\nNullam aliquam laoreet gravida.\nPraesent quis accumsan augue, et pellentesque felis.'),
(168, 'eYDMb', 'cyxTA', '4.54', '241.96', 'Sed et ante non dolor eleifend eleifend ut in nisi.\nDonec ut justo vehicula purus ultrices tempor.', 'Duis consectetur vestibulum consectetur.\nEtiam faucibus sem erat, non dignissim urna vehicula viverra.'),
(169, 'WGJdx', 'yePNF', '204.13', '292.72', 'Duis vestibulum diam sapien.\nAliquam tincidunt posuere iaculis.', 'Nunc neque ante, lacinia eget sodales vel, placerat nec sem.\nSuspendisse efficitur, libero in blandit ullamcorper, magna lectus malesuada orci, in bibendum sem nunc eu enim.'),
(170, 'JqDHz', 'XeJwl', '967.75', '960.92', 'Donec a nibh nisl.\nDonec ac sollicitudin felis.\nMorbi eu quam est.', 'In eu ex vitae metus commodo dignissim.\nSed rutrum et tortor id euismod.\nQuisque finibus sed velit at gravida.'),
(171, 'eADnj', 'aabFr', '385.27', '787.21', 'Etiam ac justo tempus, fermentum sapien et, finibus enim.\nVivamus venenatis malesuada magna, non eleifend nunc gravida vel.', 'Pellentesque neque turpis, fringilla quis tempus sagittis, pellentesque a ante.\nMorbi sollicitudin dui porttitor rutrum posuere.\nMaecenas pretium augue et sagittis aliquet.'),
(172, 'otVCe', 'VBRvr', '927.58', '431.98', 'Integer eu efficitur orci.\nSuspendisse et egestas justo.', 'In magna magna, volutpat eget eros at, euismod imperdiet odio.\nFusce nunc lectus, accumsan quis tincidunt nec, gravida id felis.\nAliquam eros lorem, sodales a diam sed, aliquam feugiat augue.'),
(173, 'BYfvZ', 'BuQoh', '975.11', '843.61', 'Donec elit quam, rhoncus sed ullamcorper et, lobortis ac enim.\nPraesent quis elit sit amet justo pharetra lacinia quis vel dolor.\nIn congue arcu ut eros sollicitudin hendrerit.', 'Aenean urna massa, condimentum ut sem et, tristique euismod nibh.\nVestibulum elit enim, iaculis a viverra nec, interdum non lorem.\nMaecenas tincidunt, tortor dapibus maximus tincidunt, felis eros lacinia leo, vitae euismod enim tellus vel metus.'),
(174, 'weOel', 'myXcY', '178.56', '151.24', 'Nullam aliquam laoreet gravida.\nEtiam iaculis efficitur nulla, a imperdiet ipsum ornare eget.', 'Donec rutrum imperdiet ex, sit amet malesuada massa ullamcorper eu.\nAliquam sit amet lorem sed risus semper fringilla.\nUt quam arcu, vehicula nec vulputate id, facilisis id eros.'),
(175, 'iNFQm', 'NSDQD', '366.51', '773.00', 'Nam consectetur velit blandit nisl porttitor sodales.\nDonec semper ac odio eu feugiat.\nNam eleifend lorem est.', 'Praesent elementum eu massa vitae posuere.\nSuspendisse potenti.\nMaecenas gravida ligula sed magna vehicula rutrum.'),
(176, 'Ngars', 'eceFy', '369.09', '344.85', 'Etiam ac justo tempus, fermentum sapien et, finibus enim.\nDonec molestie non augue a iaculis.\nVestibulum rutrum diam vel augue vehicula, non pulvinar sem euismod.', 'Quisque imperdiet rhoncus nulla id scelerisque.\nIn iaculis tempus metus non ultricies.'),
(177, 'KFxQX', 'JmWAF', '436.61', '230.48', 'Proin vel euismod felis, quis pharetra nisi.\nNam quis nunc feugiat, feugiat sem vitae, tristique ante.', 'Praesent tristique lectus nibh, ut venenatis urna varius a.\nFusce egestas ex imperdiet dui pharetra imperdiet.\nAliquam eu facilisis libero.'),
(178, 'TVDOF', 'BEDsr', '664.81', '302.36', 'Donec at urna ut sem auctor iaculis eu sed elit.\nAliquam mattis tempor semper.', 'Vestibulum ac nunc sem.\nFusce quis lectus eu risus elementum congue.\nSed vulputate leo non tortor congue congue.'),
(179, 'FUbgB', 'KauCy', '38.43', '379.63', 'Donec sed lacus nibh.\nFusce convallis, ex nec dignissim convallis, mi nunc molestie elit, ac lobortis arcu augue vel mi.\nDuis id leo arcu.', 'Suspendisse potenti.\nFusce vitae velit ut sapien sollicitudin faucibus.'),
(180, 'PKVND', 'ACwrI', '547.62', '894.24', 'Cras congue, eros id suscipit convallis, sem mauris iaculis lectus, venenatis varius risus lectus eget est.\nNulla cursus rhoncus urna, interdum aliquam est cursus sit amet.\nCurabitur suscipit, dolor et convallis hendrerit, sem lectus mattis enim, facilisis euismod odio libero quis lectus.', 'Vivamus ultrices scelerisque velit, vel commodo nunc pharetra congue.\nDonec neque nisl, pellentesque ut imperdiet eu, porta ut nisi.'),
(181, 'Lqgut', 'ZAoFw', '935.84', '125.12', 'Vestibulum elit enim, iaculis a viverra nec, interdum non lorem.\nQuisque finibus sed velit at gravida.\nSed gravida suscipit magna, ut finibus lacus varius in.', 'Phasellus neque mauris, vestibulum ac accumsan eu, porta at ex.\nMorbi vestibulum, sem et ullamcorper lobortis, neque sapien semper turpis, vel facilisis elit odio dapibus elit.'),
(182, 'MTkwN', 'JoMSw', '343.93', '719.80', 'Nulla lectus dolor, malesuada eget lectus ut, porta rhoncus nisi.\nSed elit nisl, mattis tristique congue ac, bibendum in justo.\nNullam sed massa libero.', 'Phasellus neque mauris, vestibulum ac accumsan eu, porta at ex.\nQuisque porta justo sit amet nunc rutrum dapibus.'),
(183, 'HlWqj', 'YjuaY', '515.93', '77.53', 'Aliquam malesuada enim ac purus lobortis, sit amet posuere velit convallis.\nNam malesuada massa magna, vel dictum urna ullamcorper ac.\nAliquam eget enim at lorem viverra ultrices.', 'Nulla sapien arcu, ullamcorper sit amet nunc a, malesuada fringilla diam.\nAenean posuere, nulla in placerat tempus, neque enim molestie ante, ac tempor mauris ex id purus.'),
(184, 'PmkJi', 'uafDg', '21.02', '15.94', 'Integer pharetra fringilla dolor vitae eleifend.\nVivamus lacus nisl, luctus in pellentesque et, efficitur a dui.', 'Mauris malesuada, purus sed semper egestas, ligula mi porttitor elit, ut feugiat lorem felis sollicitudin nunc.\nNullam fermentum purus sed sem eleifend vestibulum.\nQuisque ut nulla ac nibh semper ultricies ac id est.'),
(185, 'GCJhw', 'HlpJt', '810.48', '594.77', 'Sed elit nisl, mattis tristique congue ac, bibendum in justo.\nNullam elit purus, malesuada et libero nec, sollicitudin malesuada nisl.', 'In condimentum nulla in eleifend luctus.\nUt iaculis, urna sit amet commodo porttitor, nisi dui rhoncus diam, sed feugiat erat ex in erat.\nMaecenas consequat massa quis libero tincidunt, convallis facilisis libero cursus.'),
(186, 'DtVZR', 'DrWZk', '696.15', '25.35', 'Nunc congue auctor porttitor.\nNullam aliquam laoreet gravida.', 'Morbi non suscipit eros.\nInterdum et malesuada fames ac ante ipsum primis in faucibus.'),
(187, 'RlLZK', 'omXfW', '474.50', '385.34', 'Mauris vestibulum, libero id sollicitudin dignissim, mauris justo suscipit metus, sit amet euismod massa diam ut nulla.\nMaecenas sollicitudin rhoncus volutpat.', 'Fusce iaculis laoreet metus, sit amet viverra quam molestie id.\nAenean mauris leo, aliquam in sollicitudin vel, sagittis eu magna.'),
(188, 'AyGvc', 'DkOXw', '761.74', '358.76', 'Vestibulum vulputate libero sed leo pretium auctor.\nAliquam mattis tempor semper.', 'Nulla ligula justo, egestas quis ultrices id, tristique et dolor.\nInteger neque erat, ullamcorper eget feugiat eu, scelerisque nec nisi.\nEtiam ullamcorper turpis sapien, at pretium ex faucibus sed.'),
(189, 'PEWly', 'honQs', '351.91', '5.69', 'Integer id egestas sem.\nInteger vehicula sed lectus vitae scelerisque.', 'Aenean in urna non ex tempor placerat.\nNam ac viverra tortor, at rhoncus diam.'),
(190, 'SjSTX', 'vpzEU', '437.67', '400.45', 'Curabitur mi libero, consectetur ac elementum quis, lacinia eu nulla.\nNullam tempor felis augue, vel facilisis elit fringilla eu.\nProin commodo aliquam semper.', 'Quisque feugiat tristique metus vel blandit.\nNullam nec massa elit.\nAliquam maximus sapien id erat ultrices, ultrices ullamcorper nisi tempus.'),
(191, 'nhpQn', 'ZacQr', '504.56', '184.91', 'Quisque id tempor nunc.\nPraesent quis elit sit amet justo pharetra lacinia quis vel dolor.\nPraesent egestas, magna non dictum laoreet, turpis lacus consectetur arcu, vitae euismod lectus sapien iaculis nunc.', 'Ut erat sapien, tristique ac hendrerit ultrices, porta id nisl.\nQuisque porta justo sit amet nunc rutrum dapibus.\nEtiam a eleifend metus.'),
(192, 'wkhFr', 'rJsjU', '921.44', '530.00', 'Aenean ut mauris tincidunt, dictum justo non, faucibus felis.\nMauris tristique erat vel leo porttitor, sed ultricies magna mattis.\nMorbi varius ex tincidunt enim rhoncus sollicitudin.', 'Donec rutrum imperdiet ex, sit amet malesuada massa ullamcorper eu.\nPraesent maximus est vel elit hendrerit, vel rhoncus lorem convallis.'),
(193, 'CZPKF', 'RiXDA', '335.49', '952.40', 'Vestibulum ante ipsum primis in faucibus orci luctus et ultrices posuere cubilia Curae; Sed lobortis et diam a pulvinar.\nAenean nec luctus leo, quis auctor lectus.\nMorbi id risus in mauris aliquam dapibus.', 'Curabitur tempor nisi erat, eget consequat diam tempus ut.\nSed at euismod magna.\nMaecenas mattis turpis a risus fermentum venenatis.'),
(194, 'BbViN', 'oQJaM', '45.66', '366.30', 'Nullam ac tempus nulla, et convallis nulla.\nMaecenas condimentum, diam vel consequat auctor, nisi eros convallis magna, ut mollis ex quam nec enim.\nMaecenas vitae lorem viverra, fermentum sapien at, vestibulum quam.', 'Sed luctus facilisis nunc, eget faucibus lacus ornare ac.\nVestibulum elit enim, iaculis a viverra nec, interdum non lorem.'),
(195, 'LKWdO', 'FQATC', '142.61', '997.45', 'Phasellus quis risus interdum, accumsan nunc at, viverra risus.\nMorbi sagittis eros quis purus ornare fringilla.\nPhasellus pulvinar lorem et sem dignissim euismod.', 'Praesent ipsum eros, dictum eget diam a, feugiat convallis felis.\nProin commodo aliquam semper.\nDonec lacinia tellus id nisl fermentum consequat.'),
(196, 'WrbZY', 'leulA', '518.25', '921.50', 'Duis at ligula in lectus placerat vehicula.\nNullam sodales mi a risus fringilla aliquet.\nDuis pulvinar ultricies mauris id maximus.', 'Vivamus consequat, leo eu auctor pretium, velit lacus euismod felis, quis vestibulum tortor dui ac erat.\nClass aptent taciti sociosqu ad litora torquent per conubia nostra, per inceptos himenaeos.'),
(197, 'nEunx', 'qPIUW', '879.06', '399.82', 'Integer commodo tempor arcu, eu aliquet sapien gravida in.\nSed sit amet feugiat tellus.\nDuis condimentum mi ac erat scelerisque sodales.', 'Pellentesque habitant morbi tristique senectus et netus et malesuada fames ac turpis egestas.\nCurabitur efficitur tempor viverra.'),
(198, 'ygWaW', 'NBrjN', '780.48', '114.64', 'Nullam at mi id justo consequat maximus eget in diam.\nNunc nulla nunc, tincidunt quis mattis non, consequat et enim.\nVivamus id ex ut leo tincidunt vulputate vitae a diam.', 'Curabitur congue efficitur nibh, in malesuada nisi.\nDonec vehicula in ligula sed convallis.'),
(199, 'rxgZQ', 'hmIZd', '360.41', '461.04', 'Ut varius, tortor id tristique vulputate, tellus turpis laoreet massa, eu facilisis diam ipsum luctus elit.\nMauris sit amet egestas libero.', 'Aliquam mattis, massa non auctor imperdiet, nisl metus pretium diam, vitae imperdiet dui quam ac odio.\nMauris sit amet tellus ligula.'),
(200, 'jxdet', 'wtUOU', '986.79', '965.04', 'Morbi a purus vel velit vulputate feugiat in ut magna.\nInteger nisi neque, pellentesque et nisl a, ultrices dictum arcu.', 'Vestibulum ante ipsum primis in faucibus orci luctus et ultrices posuere cubilia Curae; Class aptent taciti sociosqu ad litora torquent per conubia nostra, per inceptos himenaeos.\nSuspendisse facilisis, mauris eu efficitur aliquet, dolor quam tempus magna, nec pellentesque magna est nec libero.\nProin ullamcorper pellentesque orci sit amet efficitur.');

-- --------------------------------------------------------

--
-- Structure de la table `commande`
--

CREATE TABLE `commande` (
  `id` int(11) NOT NULL,
  `reference` varchar(45) NOT NULL
) ENGINE=InnoDB DEFAULT CHARSET=latin1;

--
-- Contenu de la table `commande`
--

INSERT INTO `commande` (`id`, `reference`) VALUES
(1, 'jXMtAZfm'),
(2, 'awMWMBPM'),
(3, 'AMsaCZqe'),
(4, 'qvImlbSO'),
(5, 'hAHjIWKi'),
(6, 'caIrpZIO'),
(7, 'nRWyCVxD'),
(8, 'VcOiCEAW'),
(9, 'dlKrqvGH'),
(10, 'aHBdQKYe'),
(11, 'NbfyXRXs'),
(12, 'CJDPuvss'),
(13, 'dcwTxXYB'),
(14, 'hfPRSVMf'),
(15, 'pryIiEon'),
(16, 'jydJTiDQ'),
(17, 'dzbaJhEs'),
(18, 'CqkldFHD'),
(19, 'vVsWswZn'),
(20, 'QXJnuGqR'),
(21, 'RacCLngy'),
(22, 'loUiapZe'),
(23, 'DQBYuqwG'),
(24, 'KrUlLSiY'),
(25, 'BuuOrNdW'),
(26, 'YIKvEkNV'),
(27, 'UEEVHcTK'),
(28, 'MXhklVVq'),
(29, 'yWbTgbtd'),
(30, 'JnbecfMh'),
(31, 'kiNYTAEF'),
(32, 'HYjKXrOQ'),
(33, 'MUlzkQJV'),
(34, 'RqYiTcgY'),
(35, 'rHMeOlfx'),
(36, 'ilIyZyUq'),
(37, 'nkkKwfqc'),
(38, 'Jzgvcezu'),
(39, 'FGGIHpbu'),
(40, 'JWJyQnbh'),
(41, 'XFBWDeRA'),
(42, 'JFpkzaKX'),
(43, 'MYESXPXh'),
(44, 'phMVYTuu'),
(45, 'dtomvYCS'),
(46, 'QminrVBq'),
(47, 'uyHZTVVe'),
(48, 'TUuTCvgS'),
(49, 'XEWQAdTW'),
(50, 'vnPzrSYu'),
(51, 'RuTldxxP'),
(52, 'iayJYXRW'),
(53, 'riBhgldQ'),
(54, 'FUFgVdcF'),
(55, 'dNxpeSzk'),
(56, 'wckAnmoO'),
(57, 'zRzfCcPW'),
(58, 'yTHhfnJX'),
(59, 'haRavxma'),
(60, 'oNRArfbQ'),
(61, 'BUrAgbDH'),
(62, 'kPImNoxI'),
(63, 'WIfUDlLj'),
(64, 'mOAbgpZY'),
(65, 'HfDjybvH'),
(66, 'NGRLoYQE'),
(67, 'FIamdSlG'),
(68, 'uqlhHbzY'),
(69, 'bRBexARY'),
(70, 'RVxDhcJj'),
(71, 'PdozrZGw'),
(72, 'ozLMJKld'),
(73, 'sfYqHfBW'),
(74, 'bJeTVxkJ'),
(75, 'ueAzFcdn'),
(76, 'yNHQuBzt'),
(77, 'sEDLVOig'),
(78, 'TIDpuBYv'),
(79, 'aBFuPxNs'),
(80, 'LlxsCNoG'),
(81, 'WjshXxfZ'),
(82, 'OecYgVzo'),
(83, 'GyTHTJRL'),
(84, 'EEipiUGi'),
(85, 'xxWuBXrj'),
(86, 'Jdhrweiq'),
(87, 'kraEtrcx'),
(88, 'hKDHCjdH'),
(89, 'ICZSBqDF'),
(90, 'lhoywbli'),
(91, 'OiaDplfx'),
(92, 'eoXpTcfX'),
(93, 'MfreclTX'),
(94, 'kgLglxSk'),
(95, 'GePhtXtH'),
(96, 'SfwOZtoQ'),
(97, 'NzjvPXzb'),
(98, 'CZdhGUmF'),
(99, 'uGwDJcvN'),
(100, 'lDVMcDCy');

-- --------------------------------------------------------

--
-- Structure de la table `commande_has_article`
--

CREATE TABLE `commande_has_article` (
  `commande_id` int(11) NOT NULL,
  `article_id` int(11) NOT NULL
) ENGINE=InnoDB DEFAULT CHARSET=latin1;

--
-- Contenu de la table `commande_has_article`
--

INSERT INTO `commande_has_article` (`commande_id`, `article_id`) VALUES
(26, 101),
(45, 101),
(51, 101),
(52, 101),
(56, 101),
(58, 101),
(74, 101),
(76, 101),
(84, 101),
(85, 101),
(9, 102),
(17, 102),
(23, 102),
(27, 102),
(33, 102),
(56, 102),
(59, 102),
(61, 102),
(63, 102),
(87, 102),
(94, 102),
(95, 102),
(14, 103),
(56, 103),
(89, 103),
(92, 103),
(94, 103),
(98, 103),
(19, 104),
(23, 104),
(26, 104),
(53, 104),
(54, 104),
(63, 104),
(79, 104),
(82, 104),
(85, 104),
(86, 104),
(92, 104),
(94, 104),
(97, 104),
(18, 105),
(26, 105),
(27, 105),
(32, 105),
(46, 105),
(55, 105),
(64, 105),
(71, 105),
(75, 105),
(91, 105),
(22, 106),
(29, 106),
(41, 106),
(61, 106),
(70, 106),
(85, 106),
(88, 106),
(19, 107),
(28, 107),
(44, 107),
(74, 107),
(81, 107),
(99, 107),
(4, 108),
(5, 108),
(17, 108),
(19, 108),
(31, 108),
(62, 108),
(74, 108),
(80, 108),
(91, 108),
(93, 108),
(8, 109),
(25, 109),
(34, 109),
(40, 109),
(47, 109),
(57, 109),
(62, 109),
(96, 109),
(4, 110),
(7, 110),
(26, 110),
(45, 110),
(51, 110),
(57, 110),
(58, 110),
(59, 110),
(76, 110),
(78, 110),
(5, 111),
(17, 111),
(20, 111),
(23, 111),
(39, 111),
(42, 111),
(48, 111),
(71, 111),
(74, 111),
(80, 111),
(84, 111),
(86, 111),
(96, 111),
(12, 112),
(18, 112),
(22, 112),
(23, 112),
(30, 112),
(34, 112),
(51, 112),
(61, 112),
(78, 112),
(81, 112),
(85, 112),
(93, 112),
(35, 113),
(37, 113),
(49, 113),
(10, 114),
(12, 114),
(19, 114),
(28, 114),
(38, 114),
(45, 114),
(51, 114),
(70, 114),
(71, 114),
(82, 114),
(88, 114),
(93, 114),
(94, 114),
(8, 115),
(13, 115),
(28, 115),
(29, 115),
(30, 115),
(48, 115),
(59, 115),
(77, 115),
(82, 115),
(85, 115),
(96, 115),
(2, 116),
(26, 116),
(34, 116),
(35, 116),
(38, 116),
(43, 116),
(50, 116),
(67, 116),
(68, 116),
(83, 116),
(86, 116),
(91, 116),
(93, 116),
(1, 117),
(20, 117),
(30, 117),
(35, 117),
(39, 117),
(50, 117),
(58, 117),
(61, 117),
(65, 117),
(71, 117),
(72, 117),
(80, 117),
(1, 118),
(4, 118),
(6, 118),
(24, 118),
(25, 118),
(27, 118),
(36, 118),
(42, 118),
(46, 118),
(52, 118),
(60, 118),
(63, 118),
(66, 118),
(83, 118),
(3, 119),
(21, 119),
(32, 119),
(38, 119),
(53, 119),
(56, 119),
(74, 119),
(79, 119),
(81, 119),
(6, 120),
(14, 120),
(16, 120),
(69, 120),
(10, 121),
(33, 121),
(47, 121),
(54, 121),
(55, 121),
(74, 121),
(80, 121),
(88, 121),
(90, 121),
(92, 121),
(100, 121),
(1, 122),
(25, 122),
(27, 122),
(69, 122),
(74, 122),
(96, 122),
(4, 123),
(16, 123),
(33, 123),
(49, 123),
(51, 123),
(53, 123),
(80, 123),
(96, 123),
(7, 124),
(16, 124),
(43, 124),
(45, 124),
(54, 124),
(62, 124),
(64, 124),
(69, 124),
(83, 124),
(91, 124),
(11, 125),
(40, 125),
(47, 125),
(48, 125),
(56, 125),
(59, 125),
(63, 125),
(69, 125),
(80, 125),
(84, 125),
(91, 125),
(93, 125),
(99, 125),
(4, 126),
(19, 126),
(47, 126),
(55, 126),
(57, 126),
(71, 126),
(80, 126),
(95, 126),
(97, 126),
(99, 126),
(10, 127),
(17, 127),
(37, 127),
(57, 127),
(61, 127),
(71, 127),
(74, 127),
(75, 127),
(86, 127),
(87, 127),
(12, 128),
(16, 128),
(20, 128),
(26, 128),
(31, 128),
(44, 128),
(69, 128),
(73, 128),
(82, 128),
(99, 128),
(7, 129),
(15, 129),
(28, 129),
(32, 129),
(47, 129),
(56, 129),
(66, 129),
(70, 129),
(71, 129),
(88, 129),
(90, 129),
(97, 129),
(99, 129),
(8, 130),
(15, 130),
(54, 130),
(55, 130),
(56, 130),
(61, 130),
(28, 131),
(30, 131),
(35, 131),
(59, 131),
(63, 131),
(67, 131),
(72, 131),
(79, 131),
(82, 131),
(85, 131),
(96, 131),
(4, 132),
(37, 132),
(44, 132),
(46, 132),
(50, 132),
(74, 132),
(1, 133),
(13, 133),
(19, 133),
(23, 133),
(35, 133),
(40, 133),
(50, 133),
(52, 133),
(91, 133),
(97, 133),
(2, 134),
(4, 134),
(6, 134),
(9, 134),
(18, 134),
(30, 134),
(53, 134),
(60, 134),
(88, 134),
(35, 135),
(43, 135),
(84, 135),
(85, 135),
(97, 135),
(23, 136),
(27, 136),
(41, 136),
(42, 136),
(56, 136),
(66, 136),
(79, 136),
(55, 137),
(56, 137),
(59, 137),
(62, 137),
(67, 137),
(70, 137),
(81, 137),
(100, 137),
(29, 138),
(42, 138),
(44, 138),
(50, 138),
(58, 138),
(59, 138),
(68, 138),
(82, 138),
(86, 138),
(98, 138),
(30, 139),
(31, 139),
(41, 139),
(44, 139),
(59, 139),
(74, 139),
(80, 139),
(96, 139),
(21, 140),
(41, 140),
(52, 140),
(63, 140),
(65, 140),
(83, 140),
(86, 140),
(87, 140),
(95, 140),
(24, 141),
(62, 141),
(71, 141),
(74, 141),
(81, 141),
(93, 141),
(17, 142),
(30, 142),
(38, 142),
(39, 142),
(67, 142),
(70, 142),
(90, 142),
(92, 142),
(4, 143),
(7, 143),
(40, 143),
(54, 143),
(81, 143),
(86, 143),
(98, 143),
(21, 144),
(31, 144),
(48, 144),
(49, 144),
(51, 144),
(52, 144),
(55, 144),
(60, 144),
(97, 144),
(16, 145),
(29, 145),
(31, 145),
(41, 145),
(50, 145),
(51, 145),
(61, 145),
(66, 145),
(18, 146),
(23, 146),
(33, 146),
(55, 146),
(69, 146),
(94, 146),
(36, 147),
(51, 147),
(74, 147),
(79, 147),
(83, 147),
(88, 147),
(96, 147),
(9, 148),
(23, 148),
(55, 148),
(57, 148),
(79, 148),
(84, 148),
(97, 148),
(9, 149),
(15, 149),
(44, 149),
(49, 149),
(57, 149),
(60, 149),
(65, 149),
(68, 149),
(78, 149),
(40, 150),
(46, 150),
(52, 150),
(67, 150),
(69, 150),
(70, 150),
(76, 150),
(82, 150),
(86, 150),
(88, 150),
(91, 150),
(3, 151),
(4, 151),
(11, 151),
(14, 151),
(27, 151),
(65, 151),
(74, 151),
(93, 151),
(94, 151),
(2, 152),
(37, 152),
(49, 152),
(52, 152),
(70, 152),
(79, 152),
(99, 152),
(2, 153),
(16, 153),
(27, 153),
(41, 153),
(46, 153),
(48, 153),
(50, 153),
(53, 153),
(65, 153),
(71, 153),
(1, 154),
(12, 154),
(17, 154),
(24, 154),
(34, 154),
(43, 154),
(56, 154),
(60, 154),
(75, 154),
(82, 154),
(2, 155),
(12, 155),
(43, 155),
(50, 155),
(55, 155),
(69, 155),
(76, 155),
(78, 155),
(90, 155),
(5, 156),
(11, 156),
(16, 156),
(21, 156),
(23, 156),
(62, 156),
(66, 156),
(75, 156),
(78, 156),
(80, 156),
(82, 156),
(91, 156),
(92, 156),
(99, 156),
(11, 157),
(18, 157),
(19, 157),
(30, 157),
(35, 157),
(47, 157),
(67, 157),
(81, 157),
(82, 157),
(85, 157),
(2, 158),
(30, 158),
(33, 158),
(49, 158),
(53, 158),
(54, 158),
(69, 158),
(91, 158),
(92, 158),
(96, 158),
(1, 159),
(5, 159),
(10, 159),
(11, 159),
(35, 159),
(71, 159),
(86, 159),
(91, 159),
(92, 159),
(4, 160),
(27, 160),
(29, 160),
(32, 160),
(53, 160),
(54, 160),
(55, 160),
(61, 160),
(62, 160),
(85, 160),
(7, 161),
(17, 161),
(19, 161),
(26, 161),
(34, 161),
(48, 161),
(59, 161),
(60, 161),
(64, 161),
(65, 161),
(79, 161),
(85, 161),
(99, 161),
(5, 162),
(12, 162),
(34, 162),
(49, 162),
(57, 162),
(58, 162),
(59, 162),
(61, 162),
(73, 162),
(75, 162),
(79, 162),
(94, 162),
(98, 162),
(21, 163),
(23, 163),
(37, 163),
(47, 163),
(54, 163),
(83, 163),
(86, 163),
(89, 163),
(96, 163),
(3, 164),
(4, 164),
(25, 164),
(27, 164),
(36, 164),
(58, 164),
(61, 164),
(62, 164),
(64, 164),
(71, 164),
(74, 164),
(89, 164),
(17, 165),
(24, 165),
(59, 165),
(64, 165),
(89, 165),
(100, 165),
(3, 166),
(8, 166),
(10, 166),
(23, 166),
(34, 166),
(83, 166),
(95, 166),
(100, 166),
(1, 167),
(10, 167),
(15, 167),
(41, 167),
(45, 167),
(59, 167),
(64, 167),
(77, 167),
(89, 167),
(90, 167),
(97, 167),
(100, 167),
(8, 168),
(16, 168),
(18, 168),
(30, 168),
(82, 168),
(98, 168),
(3, 169),
(16, 169),
(23, 169),
(30, 169),
(31, 169),
(45, 169),
(46, 169),
(52, 169),
(58, 169),
(59, 169),
(60, 169),
(67, 169),
(93, 169),
(94, 169),
(95, 169),
(16, 170),
(24, 170),
(28, 170),
(32, 170),
(43, 170),
(64, 170),
(69, 170),
(75, 170),
(89, 170),
(24, 171),
(26, 171),
(39, 171),
(54, 171),
(58, 171),
(78, 171),
(5, 172),
(6, 172),
(8, 172),
(17, 172),
(28, 172),
(36, 172),
(56, 172),
(59, 172),
(60, 172),
(61, 172),
(98, 172),
(5, 173),
(6, 173),
(10, 173),
(78, 173),
(8, 174),
(43, 174),
(68, 174),
(70, 174),
(76, 174),
(83, 174),
(89, 174),
(92, 174),
(4, 175),
(12, 175),
(16, 175),
(34, 175),
(39, 175),
(44, 175),
(46, 175),
(51, 175),
(60, 175),
(10, 176),
(23, 176),
(51, 176),
(61, 176),
(72, 176),
(80, 176),
(3, 177),
(23, 177),
(29, 177),
(30, 177),
(51, 177),
(62, 177),
(69, 177),
(72, 177),
(90, 177),
(92, 177),
(16, 178),
(18, 178),
(23, 178),
(30, 178),
(31, 178),
(39, 178),
(44, 178),
(50, 178),
(53, 178),
(84, 178),
(85, 178),
(100, 178),
(15, 179),
(33, 179),
(40, 179),
(41, 179),
(48, 179),
(51, 179),
(57, 179),
(58, 179),
(59, 179),
(67, 179),
(71, 179),
(1, 180),
(27, 180),
(30, 180),
(31, 180),
(32, 180),
(42, 180),
(48, 180),
(55, 180),
(75, 180),
(79, 180),
(92, 180),
(100, 180),
(2, 181),
(14, 181),
(19, 181),
(46, 181),
(47, 181),
(58, 181),
(60, 181),
(62, 181),
(65, 181),
(66, 181),
(69, 181),
(100, 181),
(15, 182),
(17, 182),
(30, 182),
(46, 182),
(53, 182),
(68, 182),
(85, 182),
(87, 182),
(95, 182),
(97, 182),
(52, 183),
(53, 183),
(73, 183),
(75, 183),
(76, 183),
(89, 183),
(99, 183),
(11, 184),
(16, 184),
(21, 184),
(22, 184),
(26, 184),
(56, 184),
(57, 184),
(69, 184),
(70, 184),
(76, 184),
(82, 184),
(92, 184),
(97, 184),
(2, 185),
(61, 185),
(64, 185),
(66, 185),
(75, 185),
(89, 185),
(96, 185),
(99, 185),
(20, 186),
(25, 186),
(46, 186),
(47, 186),
(54, 186),
(73, 186),
(88, 186),
(3, 187),
(7, 187),
(17, 187),
(24, 187),
(37, 187),
(40, 187),
(62, 187),
(64, 187),
(71, 187),
(80, 187),
(94, 187),
(97, 187),
(98, 187),
(3, 188),
(5, 188),
(25, 188),
(42, 188),
(67, 188),
(76, 188),
(86, 188),
(92, 188),
(99, 188),
(27, 189),
(39, 189),
(45, 189),
(54, 189),
(89, 189),
(92, 189),
(18, 190),
(24, 190),
(36, 190),
(39, 190),
(42, 190),
(47, 190),
(49, 190),
(57, 190),
(58, 190),
(80, 190),
(14, 191),
(23, 191),
(25, 191),
(29, 191),
(30, 191),
(32, 191),
(35, 191),
(61, 191),
(63, 191),
(65, 191),
(66, 191),
(72, 191),
(79, 191),
(8, 192),
(15, 192),
(23, 192),
(36, 192),
(52, 192),
(63, 192),
(72, 192),
(81, 192),
(98, 192),
(1, 193),
(2, 193),
(10, 193),
(16, 193),
(30, 193),
(36, 193),
(41, 193),
(48, 193),
(57, 193),
(73, 193),
(79, 193),
(80, 193),
(81, 193),
(83, 193),
(93, 193),
(7, 194),
(8, 194),
(10, 194),
(24, 194),
(36, 194),
(45, 194),
(59, 194),
(72, 194),
(78, 194),
(80, 194),
(99, 194),
(6, 195),
(12, 195),
(21, 195),
(23, 195),
(25, 195),
(33, 195),
(46, 195),
(55, 195),
(71, 195),
(75, 195),
(78, 195),
(91, 195),
(98, 195),
(1, 196),
(7, 196),
(18, 196),
(25, 196),
(32, 196),
(38, 196),
(43, 196),
(50, 196),
(53, 196),
(55, 196),
(59, 196),
(69, 196),
(75, 196),
(82, 196),
(93, 196),
(98, 196),
(14, 197),
(40, 197),
(58, 197),
(59, 197),
(68, 197),
(71, 197),
(3, 198),
(15, 198),
(26, 198),
(50, 198),
(59, 198),
(63, 198),
(64, 198),
(73, 198),
(76, 198),
(77, 198),
(78, 198),
(81, 198),
(87, 198),
(90, 198),
(92, 198),
(96, 198),
(1, 199),
(11, 199),
(22, 199),
(35, 199),
(45, 199),
(65, 199),
(75, 199),
(85, 199),
(6, 200),
(13, 200),
(29, 200),
(44, 200),
(72, 200),
(93, 200);

-- --------------------------------------------------------

--
-- Structure de la table `container`
--

CREATE TABLE `container` (
  `id` int(11) NOT NULL,
  `nom` varchar(45) NOT NULL
) ENGINE=InnoDB DEFAULT CHARSET=latin1;

--
-- Contenu de la table `container`
--

INSERT INTO `container` (`id`, `nom`) VALUES
(1, 'C00'),
(2, 'C01'),
(3, 'C02'),
(4, 'C03'),
(5, 'C04'),
(6, 'C05'),
(7, 'C06'),
(8, 'C07'),
(9, 'C08'),
(10, 'C09'),
(11, 'C10'),
(12, 'C11'),
(13, 'C12'),
(14, 'C13'),
(15, 'C14'),
(16, 'C15'),
(17, 'C16'),
(18, 'C17'),
(19, 'C18'),
(20, 'C19');

-- --------------------------------------------------------

--
-- Structure de la table `container_has_article`
--

CREATE TABLE `container_has_article` (
  `container_id` int(11) NOT NULL,
  `article_id` int(11) NOT NULL
) ENGINE=InnoDB DEFAULT CHARSET=latin1;

--
-- Contenu de la table `container_has_article`
--

INSERT INTO `container_has_article` (`container_id`, `article_id`) VALUES
(3, 101),
(6, 101),
(10, 101),
(12, 101),
(13, 101),
(14, 101),
(15, 101),
(19, 101),
(3, 102),
(4, 102),
(5, 102),
(7, 102),
(9, 102),
(11, 102),
(12, 102),
(13, 102),
(6, 103),
(8, 103),
(11, 103),
(12, 103),
(14, 103),
(15, 103),
(18, 103),
(19, 103),
(2, 104),
(4, 104),
(5, 104),
(6, 104),
(8, 104),
(9, 104),
(13, 104),
(14, 104),
(18, 104),
(2, 105),
(11, 105),
(14, 105),
(19, 105),
(3, 106),
(4, 106),
(8, 106),
(13, 106),
(15, 106),
(16, 106),
(12, 107),
(17, 107),
(5, 108),
(6, 108),
(8, 108),
(12, 108),
(14, 108),
(18, 108),
(1, 109),
(5, 109),
(7, 109),
(9, 109),
(14, 109),
(17, 109),
(20, 109),
(1, 110),
(2, 110),
(5, 110),
(10, 110),
(18, 110),
(20, 110),
(5, 111),
(6, 111),
(8, 111),
(9, 111),
(14, 111),
(16, 111),
(1, 112),
(3, 112),
(4, 112),
(6, 112),
(7, 112),
(10, 112),
(11, 112),
(12, 112),
(13, 112),
(17, 112),
(20, 112),
(7, 113),
(9, 113),
(10, 113),
(12, 113),
(13, 113),
(1, 114),
(5, 114),
(6, 114),
(11, 114),
(16, 114),
(11, 115),
(14, 115),
(18, 115),
(2, 116),
(9, 116),
(12, 116),
(16, 116),
(20, 116),
(1, 117),
(5, 117),
(9, 117),
(14, 117),
(18, 117),
(1, 118),
(3, 118),
(5, 118),
(8, 118),
(10, 118),
(12, 118),
(16, 118),
(18, 118),
(5, 119),
(7, 119),
(13, 119),
(14, 119),
(20, 119),
(1, 120),
(4, 120),
(5, 120),
(7, 120),
(8, 120),
(12, 120),
(13, 120),
(19, 120),
(1, 121),
(7, 121),
(9, 121),
(9, 122),
(13, 122),
(1, 123),
(3, 123),
(4, 123),
(11, 123),
(12, 123),
(14, 123),
(15, 123),
(19, 123),
(4, 124),
(11, 124),
(13, 124),
(14, 124),
(19, 124),
(20, 124),
(2, 125),
(3, 125),
(4, 125),
(5, 125),
(7, 125),
(9, 125),
(10, 125),
(14, 125),
(15, 125),
(18, 125),
(6, 126),
(9, 126),
(15, 126),
(16, 126),
(3, 127),
(4, 127),
(15, 127),
(16, 127),
(18, 127),
(3, 128),
(14, 128),
(18, 128),
(19, 128),
(20, 128),
(6, 129),
(16, 129),
(18, 129),
(20, 129),
(1, 130),
(2, 130),
(6, 130),
(9, 130),
(10, 130),
(11, 130),
(13, 130),
(16, 130),
(19, 130),
(4, 131),
(8, 131),
(9, 131),
(10, 131),
(12, 131),
(13, 131),
(15, 131),
(16, 131),
(17, 131),
(18, 131),
(19, 131),
(2, 132),
(3, 132),
(4, 132),
(9, 132),
(10, 132),
(14, 132),
(15, 132),
(16, 132),
(17, 132),
(3, 133),
(7, 133),
(9, 133),
(11, 133),
(15, 133),
(16, 133),
(17, 133),
(18, 133),
(19, 133),
(20, 133),
(5, 134),
(10, 134),
(14, 134),
(16, 134),
(19, 134),
(20, 134),
(5, 135),
(7, 135),
(8, 135),
(9, 135),
(13, 135),
(14, 135),
(15, 135),
(19, 135),
(5, 136),
(8, 136),
(8, 137),
(9, 137),
(11, 137),
(12, 137),
(13, 137),
(20, 137),
(3, 138),
(6, 138),
(7, 138),
(12, 138),
(13, 138),
(16, 139),
(18, 139),
(11, 140),
(12, 140),
(18, 140),
(2, 141),
(3, 141),
(9, 141),
(11, 141),
(16, 141),
(20, 141),
(2, 142),
(4, 142),
(6, 142),
(8, 142),
(10, 142),
(13, 142),
(16, 142),
(20, 142),
(4, 143),
(9, 143),
(10, 143),
(12, 143),
(13, 143),
(14, 143),
(15, 143),
(16, 143),
(17, 143),
(18, 143),
(1, 144),
(7, 144),
(8, 144),
(9, 144),
(11, 144),
(14, 144),
(15, 144),
(19, 144),
(2, 145),
(9, 145),
(13, 145),
(14, 145),
(2, 146),
(9, 146),
(14, 146),
(18, 146),
(20, 146),
(1, 147),
(3, 147),
(9, 147),
(10, 147),
(15, 147),
(16, 147),
(18, 147),
(19, 147),
(3, 148),
(6, 148),
(7, 148),
(9, 148),
(11, 148),
(13, 148),
(14, 148),
(20, 148),
(3, 149),
(5, 149),
(6, 149),
(11, 149),
(15, 149),
(17, 149),
(20, 149),
(1, 150),
(3, 150),
(5, 150),
(9, 150),
(12, 150),
(13, 150),
(17, 150),
(18, 150),
(1, 151),
(2, 151),
(4, 151),
(10, 151),
(11, 151),
(12, 151),
(14, 151),
(15, 151),
(17, 151),
(18, 151),
(1, 152),
(6, 152),
(9, 152),
(17, 152),
(1, 153),
(2, 153),
(10, 153),
(11, 153),
(13, 153),
(16, 153),
(17, 153),
(19, 153),
(20, 153),
(2, 154),
(5, 154),
(6, 154),
(7, 154),
(9, 154),
(12, 154),
(13, 154),
(14, 154),
(15, 154),
(17, 154),
(20, 154),
(2, 155),
(5, 155),
(12, 155),
(13, 155),
(14, 155),
(18, 155),
(5, 156),
(11, 156),
(13, 156),
(14, 156),
(16, 156),
(18, 156),
(20, 156),
(3, 157),
(6, 157),
(7, 157),
(9, 157),
(10, 157),
(20, 157),
(2, 158),
(3, 158),
(7, 158),
(12, 158),
(13, 158),
(17, 158),
(4, 159),
(5, 159),
(9, 159),
(11, 159),
(19, 159),
(10, 160),
(13, 160),
(15, 160),
(18, 160),
(8, 161),
(10, 161),
(14, 161),
(16, 161),
(4, 162),
(7, 162),
(12, 162),
(3, 163),
(4, 163),
(10, 163),
(14, 163),
(16, 163),
(17, 163),
(20, 163),
(3, 164),
(5, 164),
(7, 164),
(12, 164),
(13, 164),
(1, 165),
(2, 165),
(3, 165),
(5, 165),
(7, 165),
(9, 165),
(10, 165),
(11, 165),
(13, 165),
(16, 165),
(19, 165),
(20, 165),
(7, 166),
(8, 166),
(11, 166),
(12, 166),
(14, 166),
(15, 166),
(16, 166),
(19, 166),
(1, 167),
(5, 167),
(9, 167),
(11, 167),
(12, 167),
(13, 167),
(9, 168),
(14, 168),
(18, 168),
(19, 168),
(20, 168),
(1, 169),
(2, 169),
(7, 169),
(12, 169),
(14, 169),
(15, 169),
(3, 170),
(6, 170),
(7, 170),
(16, 170),
(1, 171),
(2, 171),
(6, 171),
(7, 171),
(4, 172),
(5, 172),
(7, 172),
(8, 172),
(12, 172),
(20, 172),
(2, 173),
(3, 173),
(10, 173),
(12, 173),
(15, 173),
(19, 173),
(2, 174),
(3, 174),
(4, 174),
(6, 174),
(9, 174),
(10, 174),
(12, 174),
(13, 174),
(18, 174),
(1, 175),
(3, 175),
(4, 175),
(7, 175),
(13, 175),
(14, 175),
(15, 175),
(17, 175),
(18, 175),
(20, 175),
(4, 176),
(7, 176),
(8, 176),
(1, 177),
(7, 177),
(8, 177),
(12, 177),
(13, 177),
(15, 177),
(17, 177),
(1, 178),
(2, 178),
(4, 178),
(5, 178),
(6, 178),
(13, 178),
(16, 178),
(7, 179),
(14, 179),
(18, 179),
(19, 179),
(2, 180),
(8, 180),
(12, 180),
(14, 180),
(1, 181),
(2, 181),
(4, 181),
(8, 181),
(9, 181),
(17, 181),
(20, 181),
(2, 182),
(6, 182),
(7, 182),
(8, 182),
(9, 182),
(10, 182),
(11, 182),
(14, 182),
(16, 182),
(18, 182),
(19, 182),
(4, 183),
(6, 183),
(8, 183),
(9, 183),
(13, 183),
(18, 183),
(20, 183),
(1, 184),
(8, 184),
(9, 184),
(12, 184),
(16, 184),
(3, 185),
(4, 185),
(6, 185),
(8, 185),
(15, 185),
(16, 185),
(18, 185),
(19, 185),
(20, 185),
(1, 186),
(2, 186),
(3, 186),
(4, 186),
(5, 186),
(6, 186),
(7, 186),
(11, 186),
(12, 186),
(14, 186),
(17, 186),
(1, 187),
(4, 187),
(8, 187),
(9, 187),
(10, 187),
(14, 187),
(15, 187),
(5, 188),
(7, 188),
(11, 188),
(13, 188),
(20, 188),
(7, 189),
(8, 189),
(11, 189),
(12, 189),
(13, 189),
(15, 189),
(17, 189),
(18, 189),
(3, 190),
(4, 190),
(10, 190),
(13, 190),
(14, 190),
(16, 190),
(18, 190),
(1, 191),
(2, 191),
(4, 191),
(9, 191),
(12, 191),
(14, 191),
(15, 191),
(17, 191),
(19, 191),
(2, 192),
(3, 192),
(5, 192),
(7, 192),
(16, 192),
(2, 193),
(3, 193),
(4, 193),
(5, 193),
(6, 193),
(10, 193),
(12, 193),
(13, 193),
(16, 193),
(20, 193),
(6, 194),
(11, 194),
(15, 194),
(17, 194),
(2, 195),
(3, 195),
(4, 195),
(6, 195),
(7, 195),
(12, 195),
(14, 195),
(16, 195),
(18, 195),
(1, 196),
(4, 196),
(5, 196),
(8, 196),
(9, 196),
(15, 196),
(16, 196),
(18, 196),
(20, 196),
(1, 197),
(3, 197),
(8, 197),
(9, 197),
(12, 197),
(14, 197),
(16, 197),
(17, 197),
(18, 197),
(20, 197),
(2, 198),
(4, 198),
(12, 198),
(13, 198),
(18, 198),
(20, 198),
(2, 199),
(5, 199),
(8, 199),
(10, 199),
(14, 199),
(1, 200),
(4, 200),
(7, 200),
(10, 200),
(14, 200),
(17, 200),
(18, 200),
(19, 200);

-- --------------------------------------------------------

--
-- Structure de la table `fournisseur`
--

CREATE TABLE `fournisseur` (
  `id` int(11) NOT NULL,
  `nom` varchar(45) NOT NULL
) ENGINE=InnoDB DEFAULT CHARSET=latin1;

--
-- Contenu de la table `fournisseur`
--

INSERT INTO `fournisseur` (`id`, `nom`) VALUES
(1, 'sarena'),
(2, 'juline'),
(3, 'bill'),
(4, 'syd'),
(5, 'merline'),
(6, 'cybil'),
(7, 'andreas'),
(8, 'nils'),
(9, 'henrietta'),
(10, 'lynnett'),
(11, 'tate'),
(12, 'lily'),
(13, 'georges'),
(14, 'regan'),
(15, 'maurits'),
(16, 'rhys'),
(17, 'mona'),
(18, 'izzy'),
(19, 'far'),
(20, 'diane-marie'),
(21, 'daloris'),
(22, 'gaylor'),
(23, 'gillan'),
(24, 'elbert'),
(25, 'dionisio'),
(26, 'tyne'),
(27, 'turner'),
(28, 'lefty'),
(29, 'teodora'),
(30, 'marietta'),
(31, 'archaimbaud'),
(32, 'raimund'),
(33, 'belvia'),
(34, 'murial'),
(35, 'ban'),
(36, 'freddie'),
(37, 'wayne'),
(38, 'raleigh'),
(39, 'leonanie'),
(40, 'elia'),
(41, 'thoma'),
(42, 'conrad'),
(43, 'daryl'),
(44, 'dniren'),
(45, 'june'),
(46, 'ancell'),
(47, 'chen'),
(48, 'priscilla'),
(49, 'alford'),
(50, 'wilbur'),
(51, 'jemima'),
(52, 'muffin'),
(53, 'garry'),
(54, 'hendrick'),
(55, 'mychal'),
(56, 'emerson'),
(57, 'erinna'),
(58, 'gordan'),
(59, 'micah'),
(60, 'nonah'),
(61, 'brien'),
(62, 'monte'),
(63, 'rockey'),
(64, 'mel'),
(65, 'georg'),
(66, 'sauveur'),
(67, 'illa'),
(68, 'allard'),
(69, 'earl'),
(70, 'gan'),
(71, 'hale'),
(72, 'robers'),
(73, 'garwin'),
(74, 'timothee'),
(75, 'tull'),
(76, 'val'),
(77, 'killian'),
(78, 'umeko'),
(79, 'roy'),
(80, 'molli'),
(81, 'mac'),
(82, 'gerrie'),
(83, 'burg'),
(84, 'ganny'),
(85, 'bradan'),
(86, 'row'),
(87, 'anabel'),
(88, 'oswell'),
(89, 'terrill'),
(90, 'winny'),
(91, 'myer'),
(92, 'pauletta'),
(93, 'gardner'),
(94, 'xavier'),
(95, 'granger'),
(96, 'boniface'),
(97, 'hodge'),
(98, 'ham'),
(99, 'rudyard'),
(100, 'cleo');

-- --------------------------------------------------------

--
-- Structure de la table `fournisseur_has_article`
--

CREATE TABLE `fournisseur_has_article` (
  `fournisseur_id` int(11) NOT NULL,
  `article_id` int(11) NOT NULL,
  `reference` varchar(64) NOT NULL
) ENGINE=InnoDB DEFAULT CHARSET=latin1;

--
-- Contenu de la table `fournisseur_has_article`
--

INSERT INTO `fournisseur_has_article` (`fournisseur_id`, `article_id`, `reference`) VALUES
(1, 111, 'jVQim'),
(1, 124, 'tjrXz'),
(1, 131, 'wEefb'),
(1, 140, 'lRZFi'),
(1, 162, 'schuR'),
(1, 166, 'Wujjq'),
(2, 121, 'xwzuA'),
(2, 129, 'WJIqF'),
(2, 138, 'IfiGK'),
(2, 142, 'IPCLp'),
(2, 153, 'txfTL'),
(2, 168, 'CMuDF'),
(2, 174, 'vKQbC'),
(2, 178, 'qTEkF'),
(2, 191, 'PYBZF'),
(3, 155, 'QZHfk'),
(3, 186, 'jWCzt'),
(3, 200, 'dscrn'),
(4, 105, 'mvfzZ'),
(4, 114, 'JKjBa'),
(4, 119, 'POnbD'),
(4, 122, 'RCzuy'),
(4, 126, 'mdbfG'),
(4, 137, 'TIjmV'),
(4, 140, 'pVpfq'),
(4, 185, 'SDPPb'),
(4, 193, 'fZXNF'),
(5, 102, 'nlkRT'),
(5, 103, 'vpTdJ'),
(5, 107, 'XkCDX'),
(5, 115, 'XvYrF'),
(5, 130, 'rcrol'),
(5, 136, 'hfael'),
(5, 138, 'owpkY'),
(5, 139, 'SBaQP'),
(5, 182, 'IWDUg'),
(5, 191, 'UaIYu'),
(6, 105, 'KtAPV'),
(6, 116, 'pVTpl'),
(6, 120, 'nnFZY'),
(6, 124, 'nFMQY'),
(6, 128, 'ZGhlt'),
(6, 144, 'YBNha'),
(6, 145, 'PVTur'),
(6, 172, 'hIaol'),
(6, 180, 'Guvrc'),
(6, 191, 'IxUdQ'),
(6, 192, 'KpTjR'),
(7, 123, 'LdnDo'),
(7, 131, 'YeHVf'),
(7, 134, 'YvWzi'),
(7, 135, 'vVxcK'),
(7, 160, 'wqpli'),
(7, 163, 'SEPPE'),
(7, 164, 'Kfwch'),
(7, 185, 'FskCS'),
(7, 186, 'UdSdU'),
(8, 109, 'GPsZy'),
(8, 170, 'ApCEO'),
(8, 180, 'plVLH'),
(8, 189, 'kxyiL'),
(9, 133, 'pFZfq'),
(9, 134, 'YiQax'),
(9, 145, 'NzWLt'),
(9, 149, 'lLHOO'),
(9, 153, 'Kcbpj'),
(9, 182, 'KBgUI'),
(9, 190, 'yFoqU'),
(9, 192, 'XOYyS'),
(9, 195, 'NCatR'),
(9, 196, 'JlqkV'),
(9, 197, 'ZLmtq'),
(10, 106, 'NylIz'),
(10, 112, 'pbSxl'),
(10, 123, 'ikivT'),
(10, 125, 'fBmEY'),
(10, 138, 'AnHBc'),
(10, 144, 'WBboj'),
(10, 165, 'TQfUm'),
(10, 191, 'cPPGX'),
(11, 117, 'MQlda'),
(11, 125, 'rbCdO'),
(11, 126, 'zinBY'),
(11, 132, 'kgyuv'),
(11, 133, 'ugXHj'),
(11, 145, 'qyvev'),
(11, 166, 'tstzn'),
(11, 178, 'enKfY'),
(11, 182, 'AFmVn'),
(11, 186, 'VBwbg'),
(11, 189, 'CZjGu'),
(12, 132, 'ryxAt'),
(12, 137, 'ULEuQ'),
(12, 148, 'julMH'),
(12, 150, 'VdJIe'),
(12, 157, 'tlImh'),
(12, 172, 'aXCnq'),
(12, 186, 'XCCsA'),
(12, 189, 'ydedR'),
(12, 191, 'OTowt'),
(12, 197, 'ZVQQh'),
(13, 112, 'exUan'),
(13, 114, 'bzBQI'),
(13, 122, 'UpsRr'),
(13, 161, 'eUpGY'),
(13, 189, 'mVDye'),
(14, 101, 'xszgL'),
(14, 142, 'uuvsX'),
(14, 150, 'rJJTu'),
(14, 152, 'nWBLh'),
(14, 155, 'NHYxR'),
(14, 158, 'ssHfy'),
(14, 179, 'qYaud'),
(14, 181, 'vWHRh'),
(14, 190, 'meUZJ'),
(15, 101, 'Njeyb'),
(15, 111, 'dtblf'),
(15, 129, 'YwcxF'),
(15, 134, 'DnhWo'),
(15, 139, 'naEwI'),
(15, 151, 'rvjmU'),
(15, 160, 'Yoxvo'),
(15, 175, 'dQaMd'),
(15, 187, 'acIkE'),
(15, 193, 'onsXJ'),
(16, 103, 'AJrhp'),
(16, 124, 'NDpPw'),
(16, 127, 'TDRnk'),
(16, 147, 'FquPO'),
(16, 156, 'cAdss'),
(16, 160, 'nFKPw'),
(16, 168, 'izuRD'),
(16, 188, 'ygnQO'),
(16, 191, 'tQJnJ'),
(17, 122, 'GDquM'),
(17, 123, 'zWqVr'),
(17, 124, 'cmsrr'),
(17, 125, 'GcYns'),
(17, 168, 'hcWfl'),
(17, 185, 'KWaEA'),
(17, 198, 'SSveK'),
(18, 101, 'fgGzy'),
(18, 111, 'BbWCo'),
(18, 115, 'CMwIO'),
(18, 123, 'BvZnb'),
(18, 129, 'OVgfZ'),
(18, 130, 'ToUKR'),
(18, 188, 'Dmcxx'),
(18, 196, 'sXtIv'),
(19, 119, 'HZVZZ'),
(19, 123, 'dgZXr'),
(19, 124, 'eyuJO'),
(19, 136, 'jqLGN'),
(19, 145, 'dAPOj'),
(19, 147, 'BCMiO'),
(19, 155, 'udaqR'),
(19, 161, 'ZfVZr'),
(19, 168, 'rZRkM'),
(19, 181, 'qXgJs'),
(19, 200, 'wVFHT'),
(20, 107, 'THAvr'),
(20, 141, 'YZDWG'),
(20, 143, 'ToIiV'),
(20, 161, 'CIgwC'),
(20, 163, 'noTSn'),
(20, 167, 'kdPuq'),
(21, 107, 'yBbIa'),
(21, 112, 'POcYO'),
(21, 117, 'sTklJ'),
(21, 121, 'qcRjs'),
(21, 129, 'ZEtiz'),
(21, 130, 'wAcDX'),
(21, 149, 'emZIe'),
(21, 165, 'ZwXdJ'),
(21, 190, 'VLzLi'),
(21, 192, 'nPcVj'),
(21, 197, 'GlFlQ'),
(21, 198, 'UXrPp'),
(21, 199, 'IhtGK'),
(22, 108, 'RMUWW'),
(22, 121, 'TRoGE'),
(22, 128, 'XHWOJ'),
(22, 136, 'LnaZl'),
(22, 198, 'TFCCC'),
(23, 104, 'IDkBl'),
(23, 115, 'nkFom'),
(23, 120, 'CRpOV'),
(23, 139, 'VeBgr'),
(23, 144, 'Hsbwo'),
(23, 147, 'LgKMP'),
(23, 158, 'OyNKx'),
(23, 167, 'pqNkV'),
(23, 175, 'wlOzK'),
(23, 184, 'PKceg'),
(23, 188, 'dGoCz'),
(23, 190, 'hcmts'),
(23, 191, 'PyJkE'),
(24, 113, 'KUfPa'),
(24, 122, 'uFTnK'),
(24, 130, 'pUiHi'),
(24, 132, 'Jcyxu'),
(24, 151, 'NTZSg'),
(24, 165, 'qEjHM'),
(24, 189, 'qvqol'),
(25, 106, 'bZdEa'),
(25, 128, 'XOJpB'),
(25, 146, 'jFWhg'),
(25, 158, 'WuYov'),
(25, 161, 'NjRov'),
(25, 196, 'JBxWh'),
(26, 101, 'VJsZo'),
(26, 107, 'tWloB'),
(26, 124, 'SSdUB'),
(26, 138, 'tgKzM'),
(26, 154, 'agexC'),
(26, 170, 'doxnm'),
(26, 178, 'kXsAS'),
(26, 179, 'Dhxqa'),
(26, 181, 'ZqXWy'),
(27, 103, 'mbEqV'),
(27, 109, 'uPlNw'),
(27, 110, 'NbARG'),
(27, 131, 'sCzYE'),
(27, 136, 'deIYR'),
(27, 143, 'WeDBM'),
(27, 162, 'pvaJd'),
(27, 179, 'Ekffl'),
(27, 190, 'XLYRz'),
(28, 104, 'nEaEm'),
(28, 106, 'rkBTk'),
(28, 109, 'QWJMh'),
(28, 111, 'EFpdE'),
(28, 121, 'fyCGI'),
(28, 143, 'EmotS'),
(28, 146, 'nsqRN'),
(28, 153, 'juoin'),
(28, 159, 'aylog'),
(28, 173, 'iGQGN'),
(28, 189, 'Jefhd'),
(28, 190, 'lKacA'),
(28, 197, 'zyVYp'),
(29, 111, 'wVXpc'),
(29, 112, 'AZeCD'),
(29, 128, 'WOCOX'),
(29, 132, 'TtlOT'),
(29, 152, 'PnkTJ'),
(29, 154, 'cXuDU'),
(29, 165, 'TyvXk'),
(29, 168, 'Icemk'),
(30, 118, 'QFOlT'),
(30, 123, 'zaIcr'),
(30, 157, 'IrpUN'),
(30, 158, 'MfXJM'),
(30, 163, 'zJdlX'),
(30, 168, 'AOZXY'),
(30, 179, 'OqKEl'),
(30, 192, 'xGeeB'),
(31, 101, 'XnCVk'),
(31, 104, 'KTUKm'),
(31, 114, 'fsLpC'),
(31, 118, 'FrFPv'),
(31, 123, 'xlYPM'),
(31, 147, 'ZGOnJ'),
(31, 151, 'QmUUK'),
(31, 153, 'pkrgt'),
(31, 156, 'XdGwj'),
(31, 173, 'bJwHU'),
(31, 186, 'WLcev'),
(32, 114, 'bwNiR'),
(32, 122, 'LVPID'),
(32, 124, 'RfRqV'),
(32, 137, 'VFWEy'),
(32, 139, 'QkEEP'),
(32, 155, 'erMwP'),
(32, 161, 'BwMYe'),
(32, 169, 'KhNvY'),
(32, 171, 'rCkIe'),
(32, 174, 'jhihx'),
(32, 184, 'mzhUD'),
(32, 192, 'womIg'),
(32, 193, 'Rrszg'),
(32, 200, 'KwsZV'),
(33, 103, 'NdjAB'),
(33, 107, 'TIoPL'),
(33, 115, 'uVYck'),
(33, 118, 'gkmcj'),
(33, 126, 'QAeZd'),
(33, 128, 'JLcHV'),
(33, 134, 'SrSQl'),
(33, 135, 'sCAsF'),
(33, 136, 'icbVH'),
(33, 142, 'HMxao'),
(33, 149, 'Vxoor'),
(33, 160, 'XZvnb'),
(33, 171, 'jcJmx'),
(33, 177, 'LkRHg'),
(33, 182, 'DTIGR'),
(33, 197, 'oFjIi'),
(33, 198, 'YhGvG'),
(33, 199, 'IqpEm'),
(34, 106, 'qoqZg'),
(34, 116, 'BPxKB'),
(34, 117, 'EtrvI'),
(34, 121, 'CSpdn'),
(34, 122, 'VciUm'),
(34, 145, 'svcBF'),
(34, 165, 'SVJbB'),
(35, 103, 'dpsSF'),
(35, 110, 'NcGfH'),
(35, 122, 'WRtrh'),
(35, 134, 'HWZSZ'),
(35, 143, 'ZZbys'),
(35, 144, 'ECTKw'),
(35, 154, 'eUTlX'),
(35, 171, 'MJwkd'),
(35, 173, 'VoTfF'),
(35, 194, 'GepOk'),
(36, 104, 'HbDFD'),
(36, 106, 'FcHAA'),
(36, 108, 'HvtoC'),
(36, 115, 'NbtgK'),
(36, 119, 'ULPNr'),
(36, 122, 'ZrYny'),
(36, 129, 'NDGro'),
(36, 137, 'xaELO'),
(36, 138, 'MuNik'),
(36, 141, 'NOCgw'),
(36, 144, 'qFWBU'),
(36, 161, 'qFlCk'),
(36, 162, 'jQNOS'),
(36, 168, 'UNezl'),
(36, 189, 'XWuQl'),
(36, 196, 'BIOVV'),
(36, 200, 'eQVox'),
(37, 104, 'xKefB'),
(37, 112, 'VkVjX'),
(37, 128, 'LvVPj'),
(37, 144, 'SjWzG'),
(37, 145, 'EgyVm'),
(37, 161, 'CZoAD'),
(37, 165, 'HLiIm'),
(37, 174, 'eIOxc'),
(38, 108, 'fJcRH'),
(38, 126, 'QTTqO'),
(38, 141, 'GpQTO'),
(38, 147, 'nKCSA'),
(38, 148, 'OxiDG'),
(38, 149, 'TkYNr'),
(38, 157, 'hEXYA'),
(38, 174, 'ktgBT'),
(38, 180, 'eWsrg'),
(38, 197, 'IyfTH'),
(39, 103, 'xRGno'),
(39, 111, 'dLZCl'),
(39, 137, 'oJOiA'),
(39, 142, 'TtTtZ'),
(39, 146, 'TIOnB'),
(39, 162, 'etLJY'),
(39, 165, 'lBLHq'),
(39, 186, 'ZQoOm'),
(39, 193, 'VbSxx'),
(39, 196, 'TCALQ'),
(40, 102, 'YoXVR'),
(40, 103, 'bLlgx'),
(40, 139, 'BZpdf'),
(40, 152, 'cMElY'),
(40, 156, 'XbLjl'),
(40, 160, 'iMZbE'),
(40, 161, 'lPlhW'),
(40, 162, 'NFknd'),
(40, 178, 'zerAn'),
(40, 179, 'LcjSd'),
(40, 192, 'HAgLH'),
(40, 193, 'WWVeF'),
(40, 200, 'CRMaR'),
(41, 106, 'Giskv'),
(41, 113, 'NvPVj'),
(41, 114, 'vhMmb'),
(41, 126, 'AMzPm'),
(41, 129, 'uucsA'),
(41, 130, 'azODY'),
(41, 131, 'joFUw'),
(41, 138, 'FCxMF'),
(41, 153, 'XrKKA'),
(41, 161, 'GmUuM'),
(41, 182, 'kpPXz'),
(41, 184, 'eESyr'),
(41, 196, 'hqPwa'),
(42, 106, 'zEZDv'),
(42, 119, 'HyzCs'),
(42, 141, 'uEStH'),
(42, 149, 'sZYNU'),
(42, 157, 'YUGVb'),
(42, 162, 'dHkoQ'),
(42, 171, 'GpRtX'),
(43, 125, 'Mktjs'),
(43, 134, 'FAkJe'),
(43, 141, 'spzpw'),
(43, 155, 'rifca'),
(43, 159, 'Iblfz'),
(43, 163, 'CkNnk'),
(43, 169, 'zmhWC'),
(43, 173, 'hFUTE'),
(43, 176, 'ypBGi'),
(43, 181, 'OOGVP'),
(43, 190, 'oPhqP'),
(44, 114, 'YnemW'),
(44, 120, 'HTrHV'),
(44, 161, 'zIswX'),
(44, 163, 'MFqgI'),
(44, 167, 'tCMNE'),
(44, 174, 'jzadV'),
(44, 197, 'AmDhY'),
(45, 122, 'JjGlM'),
(45, 137, 'Thpus'),
(45, 138, 'rFVBw'),
(45, 150, 'xSKla'),
(45, 171, 'ywYyx'),
(45, 181, 'QunZq'),
(46, 109, 'tpNZm'),
(46, 117, 'qfFAD'),
(46, 124, 'aIOmS'),
(46, 127, 'JKWZz'),
(46, 153, 'zyNpt'),
(46, 160, 'gQPAk'),
(46, 175, 'kztPQ'),
(46, 177, 'zVNcg'),
(46, 190, 'hCvPy'),
(46, 191, 'nvCrr'),
(47, 116, 'eCluY'),
(47, 129, 'JylUZ'),
(47, 134, 'tMIJZ'),
(47, 138, 'vXNdz'),
(47, 150, 'AseiB'),
(47, 171, 'SohRL'),
(47, 172, 'hDuMX'),
(47, 175, 'jeNkY'),
(47, 196, 'NerGG'),
(47, 198, 'ZXVvu'),
(48, 103, 'vHyjT'),
(48, 107, 'UvbEX'),
(48, 113, 'oGrUH'),
(48, 118, 'ieXaE'),
(48, 124, 'xbjle'),
(48, 125, 'XMgEk'),
(48, 127, 'GIEuC'),
(48, 137, 'RcvIC'),
(48, 142, 'VLMiO'),
(48, 149, 'rXhbU'),
(48, 150, 'tZWpJ'),
(48, 155, 'tHTgS'),
(48, 174, 'hMzLO'),
(48, 194, 'SPcNU'),
(48, 195, 'HIMdM'),
(48, 196, 'LUCpf'),
(49, 107, 'VwZaI'),
(49, 116, 'WFpQK'),
(49, 120, 'YIzqY'),
(49, 135, 'WfsKt'),
(49, 172, 'igyGy'),
(49, 182, 'uWIZj'),
(49, 192, 'XluaJ'),
(50, 117, 'jyKWz'),
(50, 137, 'dvkep'),
(50, 154, 'aByFa'),
(50, 159, 'ftwNf'),
(50, 163, 'vEfzU'),
(50, 176, 'OhHCl'),
(50, 179, 'sqxfs'),
(50, 183, 'ELyly'),
(50, 188, 'jUGmZ'),
(50, 193, 'ZRPNi'),
(51, 140, 'BbxuS'),
(51, 145, 'nQgty'),
(51, 147, 'IPZIt'),
(51, 148, 'FQSoZ'),
(51, 167, 'DMhZl'),
(51, 176, 'EPtVA'),
(51, 192, 'eHqMu'),
(51, 193, 'PNqsj'),
(51, 196, 'hEBKv'),
(52, 102, 'iKesQ'),
(52, 111, 'PZOfx'),
(52, 120, 'ctVgI'),
(52, 128, 'oEihC'),
(52, 129, 'NpJoa'),
(52, 136, 'eOMNC'),
(52, 144, 'DJanr'),
(52, 151, 'NKQvC'),
(52, 161, 'hrPxa'),
(52, 190, 'hwuuW'),
(53, 105, 'pqDJC'),
(53, 111, 'dBErL'),
(53, 118, 'edQnO'),
(53, 136, 'PnQis'),
(53, 137, 'ywHwf'),
(53, 138, 'iDSZo'),
(53, 158, 'zpljA'),
(53, 159, 'WWzTD'),
(53, 174, 'yFqQl'),
(53, 185, 'xoBpg'),
(53, 186, 'HIWsO'),
(54, 104, 'HGABT'),
(54, 113, 'TbKgy'),
(54, 129, 'qCGQb'),
(54, 132, 'xxqJx'),
(54, 133, 'YswtG'),
(54, 137, 'MvJde'),
(54, 144, 'UBqzz'),
(54, 148, 'MTLPE'),
(54, 152, 'RaZqo'),
(54, 163, 'avsNP'),
(54, 169, 'ratcx'),
(54, 173, 'BkKyN'),
(54, 183, 'ddaRu'),
(55, 113, 'tWavf'),
(55, 118, 'kGqeq'),
(55, 134, 'iikhl'),
(55, 138, 'fpePU'),
(55, 148, 'yLZBN'),
(55, 150, 'OxRKg'),
(55, 153, 'ZBeiq'),
(55, 160, 'lLRxD'),
(55, 161, 'JtPEU'),
(55, 163, 'JrPbJ'),
(55, 170, 'IiKoC'),
(55, 188, 'fLJVF'),
(55, 190, 'sQqJc'),
(56, 109, 'HXecx'),
(56, 117, 'kvdJE'),
(56, 145, 'BQTbY'),
(56, 156, 'hYoBz'),
(56, 170, 'YncgE'),
(56, 196, 'LGcoS'),
(57, 104, 'SvaeW'),
(57, 112, 'EMSTv'),
(57, 127, 'atRUZ'),
(57, 148, 'JHKWz'),
(57, 156, 'PFKZA'),
(57, 162, 'oGypS'),
(57, 166, 'AGwPX'),
(57, 179, 'oUxRG'),
(57, 180, 'txZqK'),
(57, 196, 'ZTLCk'),
(58, 101, 'PWkVq'),
(58, 108, 'riVFF'),
(58, 152, 'aYMCx'),
(58, 159, 'QMNLw'),
(58, 165, 'RWsxz'),
(58, 188, 'JfBvK'),
(58, 196, 'HPTuL'),
(59, 134, 'iKEup'),
(59, 160, 'qygkZ'),
(59, 162, 'AkElO'),
(59, 187, 'RPpcR'),
(59, 192, 'lppma'),
(60, 108, 'iRDNa'),
(60, 110, 'oDmCr'),
(60, 119, 'gCvLq'),
(60, 122, 'usWqF'),
(60, 127, 'YGRSV'),
(60, 146, 'mBckE'),
(60, 152, 'jfdeF'),
(60, 156, 'YJOBK'),
(60, 160, 'PIbGG'),
(60, 165, 'inNwo'),
(60, 172, 'HgltT'),
(60, 173, 'nVJGP'),
(60, 176, 'UkJyQ'),
(60, 186, 'UeYVA'),
(61, 101, 'swbGP'),
(61, 118, 'JyYlK'),
(61, 147, 'XeaBr'),
(61, 164, 'UCIJj'),
(61, 165, 'nJCYF'),
(61, 166, 'WnYBZ'),
(61, 174, 'YqZKY'),
(61, 179, 'lGDrc'),
(61, 188, 'NaHOH'),
(62, 117, 'YBWWS'),
(62, 121, 'yiwCb'),
(62, 147, 'BkFfA'),
(62, 174, 'OWhDP'),
(62, 176, 'aYraH'),
(62, 188, 'xfLJo'),
(62, 198, 'gJzVn'),
(62, 200, 'lrsFC'),
(63, 114, 'pXrjS'),
(63, 115, 'BfAvJ'),
(63, 121, 'SyYWz'),
(63, 127, 'aqvOd'),
(63, 140, 'SSwSY'),
(63, 143, 'GjOJb'),
(63, 144, 'qVmkA'),
(63, 145, 'qTXdd'),
(63, 146, 'UghGO'),
(63, 151, 'epozk'),
(63, 166, 'OqhzM'),
(63, 185, 'eSzut'),
(63, 189, 'qNxZu'),
(63, 190, 'yfqfE'),
(63, 193, 'SRbCM'),
(63, 197, 'pRvsP'),
(63, 200, 'xRbci'),
(64, 107, 'XMbxe'),
(64, 114, 'vLTWm'),
(64, 115, 'oVdXf'),
(64, 117, 'vSfON'),
(64, 121, 'dtitU'),
(64, 131, 'IMLRK'),
(64, 136, 'jhGJb'),
(64, 138, 'jUPqH'),
(64, 144, 'DCRgZ'),
(64, 158, 'kwKyM'),
(64, 161, 'LxpgE'),
(64, 181, 'PnYzr'),
(64, 182, 'jbTwY'),
(64, 199, 'YfArE'),
(64, 200, 'fTzUJ'),
(65, 109, 'AlJJQ'),
(65, 111, 'NwKRZ'),
(65, 133, 'EGtXY'),
(65, 144, 'QHaQo'),
(65, 158, 'gERgT'),
(65, 181, 'pctyh'),
(66, 102, 'nPaTK'),
(66, 105, 'QYeRs'),
(66, 120, 'eTfUU'),
(66, 129, 'PpHFo'),
(66, 151, 'vaDJY'),
(66, 155, 'MESfh'),
(66, 156, 'sdHTi'),
(66, 166, 'jABLi'),
(66, 169, 'tPJGt'),
(66, 173, 'qJVbb'),
(66, 176, 'tNzpm'),
(66, 195, 'fHSao'),
(66, 197, 'CFwTX'),
(67, 123, 'ZRMsF'),
(67, 134, 'YeVkU'),
(67, 140, 'qRvam'),
(67, 162, 'utxQj'),
(67, 169, 'Tnzjq'),
(67, 171, 'YNBsV'),
(67, 173, 'WbpnC'),
(67, 174, 'NbWeP'),
(67, 190, 'VSCJK'),
(67, 193, 'UaUdk'),
(67, 194, 'wCrtZ'),
(68, 121, 'NMoyY'),
(68, 135, 'ZRtxh'),
(68, 144, 'tjjYQ'),
(68, 166, 'SvdrP'),
(68, 171, 'KxyFo'),
(68, 187, 'spCNY'),
(69, 113, 'bltnw'),
(69, 120, 'EZryY'),
(69, 123, 'PcLkb'),
(69, 149, 'KngIF'),
(69, 154, 'Hdvye'),
(69, 170, 'UErga'),
(69, 174, 'lszHl'),
(69, 175, 'yJCqh'),
(69, 183, 'GSxSB'),
(70, 116, 'pdvyd'),
(70, 135, 'Uymjs'),
(70, 148, 'ZbyCu'),
(70, 172, 'ubMiv'),
(70, 175, 'TaOpQ'),
(71, 106, 'puyvY'),
(71, 111, 'DiyeW'),
(71, 132, 'OfIos'),
(71, 159, 'sStEH'),
(71, 165, 'aNIwe'),
(71, 188, 'Xankr'),
(71, 189, 'Utaah'),
(72, 111, 'ckxNC'),
(72, 126, 'XTocJ'),
(72, 131, 'efaWc'),
(72, 150, 'pSaKr'),
(72, 154, 'EAdbh'),
(72, 157, 'iFolG'),
(72, 161, 'Qhuqy'),
(72, 168, 'GogfD'),
(72, 172, 'jXgia'),
(72, 187, 'FSpGd'),
(73, 118, 'xLUAo'),
(73, 143, 'huOBC'),
(73, 150, 'EmDDI'),
(73, 153, 'CoiDI'),
(73, 182, 'DDaXq'),
(73, 192, 'GIHbE'),
(74, 153, 'ykzJQ'),
(74, 159, 'HBnXI'),
(74, 173, 'NPFkz'),
(74, 185, 'ZkFHX'),
(74, 194, 'ptUix'),
(74, 195, 'nnDpu'),
(75, 102, 'QITct'),
(75, 119, 'qxIMI'),
(75, 142, 'YoYTR'),
(75, 167, 'YVfFr'),
(75, 176, 'VEOJx'),
(75, 181, 'puksW'),
(75, 187, 'cwfDx'),
(76, 104, 'WWCIk'),
(76, 112, 'QyZIS'),
(76, 121, 'iPeCP'),
(76, 126, 'eQRnv'),
(76, 128, 'rpjJi'),
(76, 149, 'rRSjv'),
(76, 150, 'ECPBJ'),
(76, 161, 'gHMGw'),
(76, 166, 'pcjyH'),
(76, 173, 'XYcjJ'),
(76, 181, 'cgxaM'),
(76, 194, 'YdefG'),
(76, 200, 'jDXVo'),
(77, 101, 'OYqEq'),
(77, 108, 'FrHds'),
(77, 121, 'HJGmY'),
(77, 123, 'TzENp'),
(77, 126, 'zMnpW'),
(77, 150, 'ssQtQ'),
(77, 155, 'NHykr'),
(77, 156, 'RyWpr'),
(77, 171, 'ZUJpB'),
(77, 173, 'UGQCr'),
(78, 103, 'gDkrK'),
(78, 104, 'XCGEM'),
(78, 110, 'CmcJJ'),
(78, 117, 'gtEwp'),
(78, 127, 'Zgwhk'),
(78, 140, 'sLHIm'),
(78, 147, 'PGLwU'),
(78, 190, 'oXQgL'),
(78, 199, 'XnAsP'),
(79, 113, 'ZjyIL'),
(79, 120, 'RZGTH'),
(79, 149, 'KRvmn'),
(79, 154, 'qNtLc'),
(79, 162, 'VvDrN'),
(79, 173, 'pllRT'),
(79, 176, 'qJQla'),
(79, 186, 'KCgrp'),
(79, 195, 'bnTFG'),
(79, 200, 'YFbco'),
(80, 101, 'FqlwR'),
(80, 107, 'mcNSU'),
(80, 125, 'gByJn'),
(80, 153, 'IzoUJ'),
(80, 169, 'fTxxX'),
(80, 173, 'gsMND'),
(80, 179, 'kPilI'),
(80, 186, 'TJopB'),
(81, 115, 'Hcrrr'),
(81, 122, 'XhGUI'),
(81, 160, 'wnVcU'),
(81, 163, 'bmMou'),
(81, 187, 'NxnBD'),
(81, 191, 'qdFjU'),
(82, 107, 'DNhyk'),
(82, 108, 'ZzQwV'),
(82, 111, 'OueYd'),
(82, 115, 'WFgrs'),
(82, 119, 'MkbJL'),
(82, 155, 'NEAOL'),
(82, 163, 'hrDbs'),
(82, 166, 'TgYPn'),
(82, 174, 'vpYmP'),
(82, 176, 'oyZVX'),
(83, 105, 'mwxwN'),
(83, 110, 'hWInR'),
(83, 117, 'aAwOB'),
(83, 121, 'BjvZX'),
(83, 129, 'DYkTS'),
(83, 130, 'LCeun'),
(83, 163, 'zmoOz'),
(83, 166, 'mXJFq'),
(83, 172, 'ElMdl'),
(83, 178, 'dzPax'),
(83, 191, 'AxXoI'),
(83, 198, 'zGFps'),
(84, 104, 'uPRtS'),
(84, 107, 'pKXsA'),
(84, 111, 'AehxX'),
(84, 115, 'MmPgM'),
(84, 121, 'pxEvj'),
(84, 142, 'pnBSn'),
(84, 147, 'nLNoi'),
(84, 160, 'fwjdu'),
(84, 173, 'hAlli'),
(85, 103, 'CsqNh'),
(85, 113, 'plQwo'),
(85, 118, 'payfd'),
(85, 142, 'tfjzY'),
(85, 143, 'xGweg'),
(85, 160, 'KYSer'),
(85, 171, 'BiFvm'),
(85, 183, 'UdhOZ'),
(85, 184, 'hPxVo'),
(85, 190, 'WhhDv'),
(85, 192, 'lOTmB'),
(86, 129, 'DGWDW'),
(86, 134, 'dRIri'),
(86, 136, 'MFRJE'),
(86, 157, 'bqGZz'),
(86, 198, 'tAOZR'),
(86, 200, 'OrzuB'),
(87, 117, 'ZLJEt'),
(87, 119, 'jmirh'),
(87, 121, 'wqXpN'),
(87, 122, 'ZAwKI'),
(87, 125, 'GiXXy'),
(87, 148, 'QkWFY'),
(87, 158, 'bPoHZ'),
(87, 160, 'jFhXf'),
(87, 179, 'XzVNj'),
(87, 182, 'OrRtW'),
(87, 187, 'cJHff'),
(87, 196, 'lnTSY'),
(88, 104, 'SNmrm'),
(88, 110, 'RgwYo'),
(88, 126, 'CmVoZ'),
(88, 151, 'PIzcc'),
(88, 152, 'ziusm'),
(88, 165, 'COebh'),
(88, 170, 'KYZuc'),
(88, 181, 'iqPfV'),
(88, 194, 'ATVNT'),
(89, 103, 'iFMSo'),
(89, 117, 'Egtts'),
(89, 133, 'UqSdF'),
(89, 150, 'hlWCJ'),
(89, 152, 'qMeBP'),
(89, 164, 'MCzxD'),
(89, 183, 'WqYzL'),
(89, 196, 'gwxqW'),
(90, 108, 'QFnKU'),
(90, 109, 'UXvpX'),
(90, 138, 'zUYEC'),
(90, 140, 'KrFmU'),
(90, 143, 'QRpKR'),
(90, 167, 'JQGSb'),
(90, 189, 'uKXwo'),
(91, 108, 'lISJz'),
(91, 119, 'Gdhvn'),
(91, 136, 'GIyAl'),
(91, 144, 'SZjtT'),
(91, 158, 'kZLyC'),
(91, 163, 'jdCua'),
(91, 168, 'KePeT'),
(91, 173, 'qvSIy'),
(91, 187, 'cLcKR'),
(91, 192, 'hjNOK'),
(91, 200, 'usdHT'),
(92, 110, 'VWUBf'),
(92, 115, 'GyjpJ'),
(92, 122, 'FlHgJ'),
(92, 126, 'CiZYL'),
(92, 131, 'INjzi'),
(92, 136, 'MPlBF'),
(92, 156, 'lBlqJ'),
(92, 157, 'snJcp'),
(92, 160, 'SNlIn'),
(92, 173, 'TgosC'),
(92, 174, 'zWxoV'),
(93, 101, 'YtTwp'),
(93, 116, 'JyyJk'),
(93, 127, 'VwwXH'),
(93, 150, 'edlqH'),
(93, 180, 'tpvua'),
(93, 198, 'xnPJc'),
(93, 199, 'NEYLn'),
(94, 122, 'PrQKo'),
(94, 127, 'PfaFy'),
(94, 139, 'ZgSrb'),
(94, 148, 'FQsEx'),
(94, 171, 'zhWPZ'),
(94, 176, 'EFfFo'),
(95, 103, 'SFNWf'),
(95, 110, 'OOtlL'),
(95, 115, 'WtwEZ'),
(95, 119, 'SmfGj'),
(95, 134, 'TrDSW'),
(95, 136, 'WnGZD'),
(95, 161, 'IxxGb'),
(95, 163, 'jHYHb'),
(95, 164, 'kfTjd'),
(95, 169, 'oWDfg'),
(95, 170, 'UfJul'),
(95, 176, 'wECVk'),
(95, 182, 'xpSaS'),
(95, 191, 'DESTe'),
(95, 193, 'jBpRo'),
(96, 111, 'zTapm'),
(96, 115, 'dkecL'),
(96, 125, 'QRbQj'),
(96, 158, 'NagxS'),
(96, 163, 'ReaWv'),
(96, 172, 'xIsjT'),
(96, 184, 'WXNkJ'),
(97, 112, 'zzeXy'),
(97, 128, 'AmklZ'),
(97, 134, 'hIvje'),
(97, 138, 'azzaB'),
(97, 140, 'ITsTg'),
(97, 142, 'tvyds'),
(97, 143, 'VJHJv'),
(97, 163, 'sCVWc'),
(97, 174, 'WKzpp'),
(97, 177, 'HFPxf'),
(97, 195, 'EULsX'),
(98, 104, 'WhltQ'),
(98, 143, 'eSCxv'),
(98, 146, 'NWeIk'),
(98, 152, 'VjlnW'),
(98, 168, 'McIRz'),
(98, 179, 'GQeFu'),
(98, 187, 'QkqFW'),
(98, 199, 'wsjoR'),
(99, 112, 'SfHlx'),
(99, 114, 'OjAQu'),
(99, 120, 'BLdkp'),
(99, 141, 'xESfd'),
(99, 161, 'fBOMz'),
(99, 191, 'cmuxB'),
(100, 120, 'SzBBl'),
(100, 132, 'uBmbf'),
(100, 138, 'esHtc'),
(100, 148, 'lUmlU'),
(100, 152, 'HOwXy'),
(100, 165, 'GoQpP'),
(100, 166, 'dJUXw'),
(100, 169, 'oaTLP'),
(100, 177, 'oYwos'),
(100, 186, 'YRDnf'),
(100, 188, 'jfIpU'),
(100, 190, 'trfjP'),
(100, 193, 'BsGQd'),
(100, 199, 'OmBXt'),
(100, 200, 'rFXoy');

--
-- Index pour les tables exportées
--

--
-- Index pour la table `article`
--
ALTER TABLE `article`
  ADD PRIMARY KEY (`id`);

--
-- Index pour la table `commande`
--
ALTER TABLE `commande`
  ADD PRIMARY KEY (`id`);

--
-- Index pour la table `commande_has_article`
--
ALTER TABLE `commande_has_article`
  ADD PRIMARY KEY (`commande_id`,`article_id`),
  ADD KEY `fk_commande_has_article_article1_idx` (`article_id`),
  ADD KEY `fk_commande_has_article_commande1_idx` (`commande_id`);

--
-- Index pour la table `container`
--
ALTER TABLE `container`
  ADD PRIMARY KEY (`id`),
  ADD UNIQUE KEY `nom_UNIQUE` (`nom`);

--
-- Index pour la table `container_has_article`
--
ALTER TABLE `container_has_article`
  ADD PRIMARY KEY (`container_id`,`article_id`),
  ADD KEY `fk_container_has_article_article1_idx` (`article_id`),
  ADD KEY `fk_container_has_article_container1_idx` (`container_id`);

--
-- Index pour la table `fournisseur`
--
ALTER TABLE `fournisseur`
  ADD PRIMARY KEY (`id`);

--
-- Index pour la table `fournisseur_has_article`
--
ALTER TABLE `fournisseur_has_article`
  ADD PRIMARY KEY (`fournisseur_id`,`article_id`),
  ADD KEY `fk_fournisseur_has_article_article1_idx` (`article_id`),
  ADD KEY `fk_fournisseur_has_article_fournisseur1_idx` (`fournisseur_id`);

--
-- AUTO_INCREMENT pour les tables exportées
--

--
-- AUTO_INCREMENT pour la table `article`
--
ALTER TABLE `article`
  MODIFY `id` int(11) NOT NULL AUTO_INCREMENT, AUTO_INCREMENT=201;
--
-- AUTO_INCREMENT pour la table `commande`
--
ALTER TABLE `commande`
  MODIFY `id` int(11) NOT NULL AUTO_INCREMENT, AUTO_INCREMENT=101;
--
-- AUTO_INCREMENT pour la table `container`
--
ALTER TABLE `container`
  MODIFY `id` int(11) NOT NULL AUTO_INCREMENT, AUTO_INCREMENT=21;
--
-- AUTO_INCREMENT pour la table `fournisseur`
--
ALTER TABLE `fournisseur`
  MODIFY `id` int(11) NOT NULL AUTO_INCREMENT, AUTO_INCREMENT=101;
--
-- Contraintes pour les tables exportées
--

--
-- Contraintes pour la table `commande_has_article`
--
ALTER TABLE `commande_has_article`
  ADD CONSTRAINT `fk_commande_has_article_article1` FOREIGN KEY (`article_id`) REFERENCES `article` (`id`) ON DELETE CASCADE ON UPDATE CASCADE,
  ADD CONSTRAINT `fk_commande_has_article_commande1` FOREIGN KEY (`commande_id`) REFERENCES `commande` (`id`) ON DELETE CASCADE ON UPDATE CASCADE;

--
-- Contraintes pour la table `container_has_article`
--
ALTER TABLE `container_has_article`
  ADD CONSTRAINT `fk_container_has_article_article1` FOREIGN KEY (`article_id`) REFERENCES `article` (`id`) ON DELETE CASCADE ON UPDATE CASCADE,
  ADD CONSTRAINT `fk_container_has_article_container1` FOREIGN KEY (`container_id`) REFERENCES `container` (`id`) ON DELETE CASCADE ON UPDATE CASCADE;

--
-- Contraintes pour la table `fournisseur_has_article`
--
ALTER TABLE `fournisseur_has_article`
  ADD CONSTRAINT `fk_fournisseur_has_article_article1` FOREIGN KEY (`article_id`) REFERENCES `article` (`id`) ON DELETE CASCADE ON UPDATE CASCADE,
  ADD CONSTRAINT `fk_fournisseur_has_article_fournisseur1` FOREIGN KEY (`fournisseur_id`) REFERENCES `fournisseur` (`id`) ON DELETE CASCADE ON UPDATE CASCADE;

/*!40101 SET CHARACTER_SET_CLIENT=@OLD_CHARACTER_SET_CLIENT */;
/*!40101 SET CHARACTER_SET_RESULTS=@OLD_CHARACTER_SET_RESULTS */;
/*!40101 SET COLLATION_CONNECTION=@OLD_COLLATION_CONNECTION */;
