-- phpMyAdmin SQL Dump
-- version 4.2.7
-- http://www.phpmyadmin.net
--
-- Client :  localhost
-- Généré le :  Ven 03 Février 2017 à 12:17
-- Version du serveur :  5.6.25
-- Version de PHP :  5.6.16

SET SQL_MODE = "NO_AUTO_VALUE_ON_ZERO";
SET time_zone = "+00:00";


/*!40101 SET @OLD_CHARACTER_SET_CLIENT=@@CHARACTER_SET_CLIENT */;
/*!40101 SET @OLD_CHARACTER_SET_RESULTS=@@CHARACTER_SET_RESULTS */;
/*!40101 SET @OLD_COLLATION_CONNECTION=@@COLLATION_CONNECTION */;
/*!40101 SET NAMES utf8 */;

--
-- Base de données :  `zilu`
--

-- --------------------------------------------------------

--
-- Structure de la table `article`
--

CREATE TABLE IF NOT EXISTS `article` (
`id` int(11) NOT NULL,
  `reference_lf` varchar(45) NOT NULL,
  `reference_hldp` varchar(45) NOT NULL,
  `prix` decimal(10,2) NOT NULL,
  `poids` decimal(10,2) NOT NULL,
  `descr_fr` text NOT NULL,
  `descr_en` text NOT NULL
) ENGINE=InnoDB  DEFAULT CHARSET=latin1 AUTO_INCREMENT=101 ;

--
-- Contenu de la table `article`
--

INSERT INTO `article` (`id`, `reference_lf`, `reference_hldp`, `prix`, `poids`, `descr_fr`, `descr_en`) VALUES
(1, 'cDaUV', 'keGUh', '591.75', '744.22', 'Praesent at tellus mauris.', 'Phasellus quis risus interdum, accumsan nunc at, viverra risus.\nNam sed dolor eros.'),
(2, 'GZTDc', 'QEOKV', '238.82', '191.47', 'Nam tincidunt ipsum ex, in facilisis nibh sollicitudin eget.', 'Mauris aliquam nec sapien accumsan mollis.\nAliquam urna eros, elementum vitae vestibulum malesuada, condimentum nec tellus.'),
(3, 'MPNwS', 'XBIyg', '114.94', '501.17', 'Mauris nec blandit purus, scelerisque porttitor arcu.', 'Duis sollicitudin vestibulum urna a viverra.\nNullam enim diam, commodo ac lectus sed, vestibulum hendrerit eros.'),
(4, 'HHDQS', 'ybVmu', '852.67', '996.26', 'Etiam et velit dui.\nDonec viverra sollicitudin enim vitae vehicula.', 'Integer nec massa non urna cursus elementum interdum ac metus.'),
(5, 'nXPGw', 'TmhNQ', '116.47', '81.93', 'Aenean iaculis vehicula velit, ac lobortis metus lobortis id.\nMorbi velit odio, gravida nec turpis nec, ultricies cursus metus.', 'Nunc laoreet quam ultrices, placerat arcu feugiat, porta turpis.\nAenean vitae nisi at erat sollicitudin volutpat id sed lectus.'),
(6, 'lELCH', 'AYMXv', '848.25', '716.55', 'Suspendisse et odio nec neque bibendum dignissim.', 'Nullam eget mauris elit.\nVivamus id ex ut leo tincidunt vulputate vitae a diam.'),
(7, 'Ldlet', 'Tmncv', '486.75', '317.51', 'Integer laoreet mi quis arcu bibendum, quis consectetur leo pretium.', 'Sed ornare risus et mauris interdum, et mollis neque volutpat.'),
(8, 'VRqfu', 'zNrmh', '481.96', '994.17', 'Proin ullamcorper lacus nec ultrices lobortis.\nPhasellus tincidunt, arcu et imperdiet congue, tortor ligula malesuada purus, ac rhoncus lorem nisl eget orci.', 'Ut eget velit eu enim condimentum maximus eu in dui.'),
(9, 'zTgFg', 'ZAisf', '350.29', '382.26', 'Integer at odio hendrerit, volutpat erat eget, sagittis sem.', 'Integer vitae facilisis arcu.'),
(10, 'VAyhI', 'GcQZt', '668.08', '939.35', 'Vivamus at mattis diam.\nPraesent commodo, leo at cursus viverra, sem enim sodales tellus, ac porttitor ligula justo ut dolor.', 'Sed sit amet dui nec urna hendrerit vulputate.'),
(11, 'nnGoF', 'eYbsk', '548.70', '498.91', 'Nullam ac tempus nulla, et convallis nulla.', 'Class aptent taciti sociosqu ad litora torquent per conubia nostra, per inceptos himenaeos.'),
(12, 'CngDw', 'AsxIz', '197.74', '373.64', 'Nulla non turpis vel quam facilisis gravida.\nAenean sed porttitor purus.', 'Fusce nunc lectus, accumsan quis tincidunt nec, gravida id felis.'),
(13, 'lJBad', 'SQZsJ', '343.84', '242.37', 'Aliquam malesuada enim ac purus lobortis, sit amet posuere velit convallis.', 'Quisque finibus sed velit at gravida.'),
(14, 'nRzFm', 'nQKbJ', '330.21', '550.64', 'Vestibulum in ultricies sapien.', 'Nulla venenatis blandit ligula, nec tincidunt nisi condimentum a.\nUt facilisis hendrerit augue, eu tempor nibh molestie ac.'),
(15, 'VJZBi', 'rGXVA', '585.33', '484.50', 'Nam eleifend lorem est.', 'Nullam iaculis dolor condimentum suscipit laoreet.\nEtiam sit amet elit sed mauris euismod mollis.'),
(16, 'rZyIS', 'BMuSs', '912.03', '8.40', 'Donec cursus turpis ac ante imperdiet, at ullamcorper odio varius.\nNulla consectetur facilisis sapien, non tempor eros convallis at.', 'Curabitur aliquet turpis in faucibus pharetra.\nInteger vitae facilisis arcu.'),
(17, 'iGslV', 'XOhFI', '619.09', '278.12', 'Nunc at neque dignissim, pretium tellus eget, placerat ante.', 'Proin lacinia sem orci, at aliquet leo sagittis at.'),
(18, 'yDUCh', 'dqqeD', '606.81', '12.96', 'Nullam fermentum purus sed sem eleifend vestibulum.\nDonec efficitur non lacus vitae lobortis.', 'Nulla lectus dolor, malesuada eget lectus ut, porta rhoncus nisi.'),
(19, 'moqgC', 'NHIIf', '552.70', '324.68', 'Mauris eget neque tincidunt, faucibus elit at, tempus leo.', 'Nulla elementum ac massa ac mollis.'),
(20, 'FIdWt', 'hpMFG', '883.31', '718.68', 'Pellentesque cursus vestibulum elementum.\nUt vitae porttitor magna, vitae molestie lacus.', 'Mauris sit amet sapien arcu.'),
(21, 'fSARB', 'NIhOw', '973.53', '549.45', 'Integer nisi neque, pellentesque et nisl a, ultrices dictum arcu.', 'Sed pretium sapien mi, eget dignissim nunc ornare non.\nEtiam sed diam viverra, laoreet nisl sed, pretium lorem.'),
(22, 'kkpgN', 'kyOgX', '250.14', '381.70', 'Sed maximus leo sed odio porta sodales.\nPraesent egestas, magna non dictum laoreet, turpis lacus consectetur arcu, vitae euismod lectus sapien iaculis nunc.', 'Pellentesque fringilla elit vitae est elementum, vitae accumsan mi scelerisque.'),
(23, 'sNkXJ', 'YrnWc', '696.31', '581.89', 'Vestibulum vel turpis auctor, lacinia odio sed, tristique risus.', 'Nullam pharetra et eros vel dignissim.\nVestibulum elementum augue et justo lobortis lobortis.'),
(24, 'eYfqa', 'yxWSR', '637.41', '853.24', 'Maecenas pellentesque lacinia nisl eu euismod.\nNam volutpat, elit maximus auctor auctor, lectus massa pretium purus, et rutrum mauris sapien in diam.', 'In congue arcu ut eros sollicitudin hendrerit.\nAliquam a lacus mollis, semper tellus ac, consectetur felis.'),
(25, 'ISwwc', 'YceUN', '49.53', '312.43', 'Nullam facilisis mi non ex viverra, nec rutrum ipsum lobortis.\nProin id quam ultricies, maximus nisl a, lacinia ex.', 'Phasellus mattis elementum bibendum.\nNunc at neque dignissim, pretium tellus eget, placerat ante.'),
(26, 'qfCJg', 'AxAcY', '411.51', '782.78', 'Maecenas eleifend velit id quam finibus, ac molestie nulla fringilla.', 'Cras dapibus dignissim nulla, id consequat sem euismod sit amet.'),
(27, 'HVRmn', 'WBSJt', '377.94', '277.55', 'Sed eget nunc eget justo viverra euismod.', 'Quisque porta justo sit amet nunc rutrum dapibus.\nPraesent non est augue.'),
(28, 'HxofI', 'qSNqJ', '67.91', '788.53', 'Aliquam malesuada enim ac purus lobortis, sit amet posuere velit convallis.', 'Morbi cursus metus rhoncus libero sodales tristique.'),
(29, 'XDkjR', 'wIrnc', '549.88', '471.32', 'Morbi lacinia purus nunc, et faucibus nisi suscipit eget.\nPhasellus cursus feugiat velit, ut suscipit tellus vulputate non.', 'In iaculis tempus metus non ultricies.'),
(30, 'eJkEZ', 'GIZSs', '851.64', '381.90', 'Maecenas quis felis libero.\nFusce pretium dignissim lacus at tincidunt.', 'Vestibulum dignissim eros a dictum blandit.\nSed et ante non dolor eleifend eleifend ut in nisi.'),
(31, 'dkbjt', 'ylBnC', '772.86', '341.05', 'Aenean urna massa, condimentum ut sem et, tristique euismod nibh.', 'Cras vitae tortor ante.'),
(32, 'tyDsK', 'IXdTh', '338.94', '762.85', 'Nullam eget mauris elit.\nSed quis nunc sodales nulla finibus mattis.', 'Donec mattis velit non nisi molestie tempor.\nProin vehicula viverra nunc vitae luctus.'),
(33, 'KmGRU', 'WMCjb', '728.06', '148.44', 'Proin at leo in leo dapibus ultrices.', 'Nullam dictum pellentesque eros quis auctor.'),
(34, 'BHMyD', 'YEANh', '242.63', '457.64', 'Cras viverra dui dictum mi tristique, sed suscipit nunc pellentesque.', 'In hac habitasse platea dictumst.'),
(35, 'hLyro', 'PJVND', '298.58', '867.46', 'Nulla consectetur cursus augue, id scelerisque ex bibendum eu.', 'Vivamus ultrices scelerisque velit, vel commodo nunc pharetra congue.\nIn vel gravida mauris, euismod egestas orci.'),
(36, 'ONXOA', 'KAAUT', '625.24', '44.08', 'Proin placerat tincidunt sapien aliquet egestas.\nPraesent commodo, leo at cursus viverra, sem enim sodales tellus, ac porttitor ligula justo ut dolor.', 'Morbi lectus tortor, blandit a magna quis, consectetur varius massa.'),
(37, 'GBCeC', 'XlZZs', '602.10', '649.16', 'Vivamus lacus nisl, luctus in pellentesque et, efficitur a dui.', 'Phasellus ut felis et est euismod pharetra.'),
(38, 'zrpyF', 'MPDfn', '275.45', '76.92', 'Maecenas eget eros nec ante congue tincidunt nec in nulla.', 'Proin ac est scelerisque, interdum turpis eget, sodales metus.\nPellentesque euismod elit ac metus ultrices, ut semper risus fermentum.'),
(39, 'AoRFR', 'rMGCp', '90.36', '404.57', 'Quisque ac aliquet risus, non porttitor lacus.\nDuis condimentum mi ac erat scelerisque sodales.', 'Nam efficitur ipsum commodo nulla posuere, a dictum erat aliquet.'),
(40, 'KDuwi', 'PpDDf', '833.14', '349.87', 'Nunc eu semper ligula.', 'In luctus urna vel velit rhoncus lobortis.'),
(41, 'ANODO', 'qKxbo', '263.46', '513.87', 'Integer ultricies magna eu bibendum gravida.\nIn blandit, justo non iaculis efficitur, justo tortor sodales eros, vitae gravida purus massa ut dui.', 'In hac habitasse platea dictumst.'),
(42, 'bBWwE', 'xZuAr', '916.15', '378.98', 'Praesent sit amet metus sed neque condimentum semper.', 'Morbi eu quam est.'),
(43, 'qhTVw', 'tQaDO', '12.92', '984.63', 'Fusce mauris est, rutrum a accumsan sit amet, pellentesque ut enim.', 'Nulla elementum ac massa ac mollis.\nFusce ac nisi vel tellus condimentum varius vel ac magna.'),
(44, 'HiGHI', 'dsDnL', '61.15', '598.19', 'Phasellus vitae justo et mi commodo interdum.\nMaecenas sit amet aliquet lectus.', 'Nunc vitae feugiat ligula.'),
(45, 'ZVgKK', 'NGJFL', '85.44', '199.88', 'Nam scelerisque lobortis nisl, quis sagittis est rhoncus et.', 'Aliquam dignissim erat eget dictum hendrerit.'),
(46, 'pIVUj', 'EPHvg', '308.10', '939.40', 'Etiam ullamcorper turpis sapien, at pretium ex faucibus sed.\nCurabitur viverra ante et laoreet bibendum.', 'Nullam fermentum purus sed sem eleifend vestibulum.'),
(47, 'jAoVT', 'iQWai', '81.54', '15.68', 'Nulla venenatis blandit ligula, nec tincidunt nisi condimentum a.\nFusce et nisl eu quam dapibus egestas ut eget justo.', 'Morbi vestibulum vitae urna vel aliquam.\nUt malesuada arcu lacus, ac mollis sem pretium at.'),
(48, 'pNUon', 'UDIXz', '561.11', '625.30', 'Integer urna lectus, tincidunt in urna quis, tincidunt fermentum sem.\nMauris eget neque tincidunt, faucibus elit at, tempus leo.', 'Proin magna ex, dictum nec mollis ac, pellentesque a nibh.\nAenean rutrum tortor id sapien lacinia pulvinar.'),
(49, 'CdwpM', 'eZSbx', '436.36', '889.21', 'Quisque ut nulla ac nibh semper ultricies ac id est.\nNullam ut lacus ut felis porta consectetur.', 'Integer ac sem quis metus euismod sodales.\nIn hac habitasse platea dictumst.'),
(50, 'BUahm', 'JibIo', '652.93', '329.07', 'Donec ac dui ex.\nAliquam quis odio elementum nunc maximus hendrerit.', 'Vivamus quis sapien id lacus fringilla placerat.\nMorbi lectus tortor, blandit a magna quis, consectetur varius massa.'),
(51, 'XMkkU', 'jzjfX', '933.89', '182.09', 'Vestibulum ante ipsum primis in faucibus orci luctus et ultrices posuere cubilia Curae; Sed lobortis et diam a pulvinar.', 'Sed id sagittis arcu.'),
(52, 'poQqb', 'oMieD', '324.03', '498.89', 'Aenean vehicula vestibulum tempor.\nQuisque congue pharetra accumsan.', 'Nam ut placerat felis.\nPhasellus mattis elementum bibendum.'),
(53, 'uMuat', 'IhIIP', '711.35', '942.09', 'Donec dictum tincidunt congue.', 'Maecenas finibus consequat placerat.\nDonec tempus arcu eget dolor laoreet mattis.'),
(54, 'MPHfV', 'sDlKq', '994.06', '703.97', 'Mauris eget neque tincidunt, faucibus elit at, tempus leo.', 'Ut nisl sapien, sollicitudin rhoncus convallis vitae, ultrices eu justo.'),
(55, 'pIMzU', 'QlTYI', '918.01', '68.19', 'Sed fermentum libero enim, eu consequat sem feugiat ut.', 'Nullam at mi id justo consequat maximus eget in diam.'),
(56, 'tOKTN', 'CklQo', '644.03', '63.89', 'Integer et facilisis libero.\nNullam at tellus pellentesque, convallis justo quis, pretium nibh.', 'Sed quis dictum dolor, nec mollis justo.'),
(57, 'StABu', 'rNHGj', '47.63', '539.08', 'In laoreet, velit vel gravida viverra, lorem neque tempor orci, non porta lacus ante non augue.\nVivamus ac purus sed magna rutrum ullamcorper.', 'Pellentesque neque turpis, fringilla quis tempus sagittis, pellentesque a ante.'),
(58, 'MaDFz', 'sfCLB', '178.73', '591.06', 'Aenean varius ex non est venenatis tincidunt.\nIn pharetra venenatis purus ultrices viverra.', 'Sed nec ex nibh.'),
(59, 'rnvSV', 'Ftysk', '836.71', '570.05', 'Nam sit amet fringilla diam, nec pellentesque purus.\nDonec elit orci, accumsan ut augue a, ornare scelerisque ante.', 'Phasellus pulvinar lorem et sem dignissim euismod.'),
(60, 'XRWmn', 'RIDiT', '536.51', '583.18', 'Ut posuere id velit et ornare.', 'Sed volutpat tempus nibh id sodales.\nDonec congue ultricies lectus mollis consequat.'),
(61, 'KiiAn', 'YPoTh', '499.62', '1.14', 'In vel gravida mauris, euismod egestas orci.', 'Praesent eleifend nisl risus, at porttitor lacus tristique sed.\nAliquam quis odio elementum nunc maximus hendrerit.'),
(62, 'YjgVx', 'teJDz', '603.66', '45.60', 'In varius nisl sed odio tristique, et cursus lectus laoreet.\nDonec efficitur non lacus vitae lobortis.', 'Quisque lobortis ante arcu, pulvinar iaculis mi pulvinar ut.'),
(63, 'FPUul', 'XTiPG', '771.58', '649.36', 'Morbi et magna feugiat ante feugiat mattis vel iaculis elit.', 'Ut quis odio neque.\nSed quis pellentesque libero, a posuere urna.'),
(64, 'GsczA', 'Odwpo', '965.71', '686.79', 'Maecenas consectetur suscipit aliquet.\nNunc sit amet ullamcorper lacus.', 'Praesent leo sem, aliquet id consequat a, dignissim in leo.\nProin aliquam ultrices risus.'),
(65, 'FYaam', 'GdgZj', '821.28', '670.80', 'Nullam placerat nulla vel lacus suscipit, et viverra nisi mattis.\nCurabitur mauris sem, volutpat id dictum ut, consectetur nec mauris.', 'Mauris rhoncus quam eros, in sollicitudin elit tristique et.\nNulla pharetra velit aliquam ex egestas imperdiet.'),
(66, 'EvkiZ', 'ebKrh', '976.98', '8.23', 'Aenean mauris leo, aliquam in sollicitudin vel, sagittis eu magna.', 'Pellentesque lorem lacus, hendrerit sit amet dignissim ut, tincidunt in justo.'),
(67, 'lMQRU', 'VSwzO', '231.59', '317.57', 'Suspendisse at lectus rutrum, faucibus justo eu, vulputate enim.', 'Fusce a quam ante.\nFusce convallis, ex nec dignissim convallis, mi nunc molestie elit, ac lobortis arcu augue vel mi.'),
(68, 'uuxnv', 'izniq', '235.01', '725.76', 'Nullam id sapien ex.\nInteger condimentum erat enim, eget mollis arcu molestie in.', 'Aenean nec luctus leo, quis auctor lectus.\nSed sit amet elit at elit laoreet fermentum.'),
(69, 'wCyWF', 'jvfjV', '622.51', '352.26', 'Ut sed posuere purus, vel rhoncus eros.', 'Integer at dolor scelerisque, feugiat tellus eget, auctor risus.\nMauris placerat mi laoreet tortor euismod luctus.'),
(70, 'CDSzS', 'fghGo', '973.46', '887.85', 'Praesent dictum facilisis erat nec accumsan.', 'Maecenas interdum cursus diam, a iaculis leo ornare nec.\nMorbi vitae neque vitae erat cursus volutpat sed quis est.'),
(71, 'LpxHt', 'YgGgk', '406.37', '188.83', 'Sed eget viverra leo, nec blandit turpis.', 'Integer vehicula justo et diam tincidunt commodo.\nCras eu lorem quis neque sollicitudin gravida sed nec dolor.'),
(72, 'PqXrn', 'VsnrZ', '622.10', '849.12', 'Cras placerat at quam ac cursus.\nAenean id sem in magna consequat sollicitudin quis gravida massa.', 'Sed accumsan ex id bibendum porta.\nLorem ipsum dolor sit amet, consectetur adipiscing elit.'),
(73, 'CjYoF', 'TRRUP', '0.65', '102.44', 'Aliquam nec malesuada neque.', 'Donec laoreet ex ac nulla ullamcorper gravida.'),
(74, 'XvsiC', 'ApFVg', '648.32', '843.95', 'Sed accumsan ex id bibendum porta.\nProin condimentum tempus sapien.', 'Proin consequat neque a ex semper, ut vehicula massa convallis.\nMorbi lectus nisl, luctus hendrerit diam vel, fermentum placerat nibh.'),
(75, 'oKQtj', 'ogpdq', '223.81', '791.40', 'Ut turpis lectus, ornare id tristique et, sollicitudin eget augue.', 'Aenean vehicula vestibulum tempor.\nProin ac felis nec tortor lacinia tincidunt.'),
(76, 'fpRye', 'CVedd', '361.40', '209.55', 'Pellentesque aliquet, mi vitae egestas tincidunt, nibh massa pulvinar urna, eget ultrices nibh sem vel enim.\nDuis vitae auctor augue.', 'Maecenas auctor, lectus et cursus aliquet, turpis quam facilisis neque, sit amet tempus urna nisi eget sapien.\nInteger et facilisis libero.'),
(77, 'trzOz', 'RMWlq', '1.07', '506.59', 'Nullam malesuada, velit at consectetur lobortis, mauris nulla tincidunt felis, nec gravida tortor lorem sed velit.\nPellentesque sodales magna et arcu malesuada tempor.', 'Aliquam sagittis malesuada dolor, id sagittis purus gravida eu.\nVestibulum ante ipsum primis in faucibus orci luctus et ultrices posuere cubilia Curae;.'),
(78, 'MzWKz', 'vDtUa', '970.96', '386.77', 'In elementum id ligula ac lobortis.', 'Phasellus mattis elementum bibendum.\nUt et imperdiet nisl.'),
(79, 'vdsrh', 'ReOVZ', '354.62', '72.06', 'Cras eu nisl quam.', 'Suspendisse ante tortor, blandit non dolor eget, tincidunt vehicula nunc.\nDonec eleifend, ipsum et egestas molestie, dolor purus maximus ex, a eleifend lacus augue vitae mauris.'),
(80, 'qdtAJ', 'vGxuz', '385.95', '686.41', 'Nullam ornare ex quis dui viverra varius.', 'Mauris non tempus mi, eu dapibus dolor.'),
(81, 'ZTjEj', 'DDpwL', '865.53', '420.63', 'In laoreet, velit vel gravida viverra, lorem neque tempor orci, non porta lacus ante non augue.\nVestibulum consequat finibus leo, a lacinia leo tempus eu.', 'Proin vel euismod felis, quis pharetra nisi.\nNulla ut nisi nec risus tempus efficitur.'),
(82, 'CaPCI', 'hfdwY', '765.04', '209.59', 'Aliquam eu facilisis libero.', 'Nam dui libero, faucibus sit amet quam et, mattis vehicula purus.\nSed vestibulum ut est quis luctus.'),
(83, 'jJNXF', 'dJPoT', '243.09', '830.27', 'Curabitur aliquet turpis in faucibus pharetra.\nNulla auctor lorem in arcu accumsan varius.', 'Phasellus tincidunt, arcu et imperdiet congue, tortor ligula malesuada purus, ac rhoncus lorem nisl eget orci.'),
(84, 'ULCwr', 'uxSoi', '277.83', '677.43', 'Proin eget dictum tortor.', 'Proin dictum magna eu dui rutrum, id eleifend odio tincidunt.\nMauris velit lacus, mollis ut consequat eget, semper non lectus.'),
(85, 'kvDWP', 'TBJUs', '891.58', '856.55', 'Cras dapibus dignissim nulla, id consequat sem euismod sit amet.\nIn iaculis tempus metus non ultricies.', 'Sed quis nunc sodales nulla finibus mattis.\nProin placerat tincidunt sapien aliquet egestas.'),
(86, 'QqRJm', 'Epzkt', '665.47', '448.22', 'Nullam viverra pulvinar risus, sit amet tincidunt nisi vehicula eu.\nMaecenas a lectus nulla.', 'Mauris ut egestas nulla.'),
(87, 'BeSvP', 'NtfCl', '434.84', '102.05', 'Mauris aliquam nec sapien accumsan mollis.', 'Cras placerat at quam ac cursus.\nSuspendisse sed tristique nunc.'),
(88, 'oyYYj', 'aJHUL', '362.38', '205.57', 'Mauris libero felis, tincidunt aliquam est ut, imperdiet pretium neque.\nPraesent nisi ligula, sollicitudin sed arcu et, aliquam placerat massa.', 'Proin venenatis aliquet leo, ut bibendum neque.\nDonec vehicula in ligula sed convallis.'),
(89, 'mawWM', 'SniMd', '445.00', '596.66', 'Praesent dapibus augue eleifend, iaculis tortor sit amet, mollis tortor.\nMauris eu libero vestibulum, auctor odio vel, pharetra lectus.', 'Phasellus vitae tortor velit.'),
(90, 'DRXZu', 'fjjWJ', '962.32', '880.05', 'Vestibulum in ultricies sapien.', 'Vivamus tempus turpis a neque aliquam, id pellentesque orci lacinia.\nVestibulum scelerisque, augue et sollicitudin egestas, nulla velit pharetra eros, non iaculis nibh eros in ipsum.'),
(91, 'uEvLl', 'nVhFx', '994.87', '868.39', 'Maecenas consectetur suscipit aliquet.\nPellentesque fringilla elit vitae est elementum, vitae accumsan mi scelerisque.', 'Suspendisse potenti.'),
(92, 'oeOzv', 'Pbgkm', '787.86', '908.92', 'Sed vestibulum ut est quis luctus.\nNam ac sagittis nulla.', 'Nullam sit amet lacus quis leo faucibus euismod.\nQuisque varius et massa bibendum porta.'),
(93, 'txuZP', 'QoCUA', '818.62', '679.17', 'Sed feugiat arcu vel ligula porta vestibulum.\nPellentesque id porttitor nunc, sed luctus velit.', 'Donec semper ac odio eu feugiat.\nProin et sem eros.'),
(94, 'kpRMa', 'XysUv', '677.78', '164.60', 'Proin accumsan nec mi sit amet finibus.', 'Nam volutpat augue vel tellus feugiat, sed cursus nunc vestibulum.\nNunc vel auctor ex.'),
(95, 'MxzBX', 'bxkJH', '272.52', '227.72', 'Nunc tristique, arcu vitae ultricies tincidunt, lacus tellus mattis ligula, molestie ornare nulla turpis a velit.', 'Ut scelerisque, massa sit amet bibendum feugiat, sapien sapien sollicitudin metus, eu molestie ante mauris eu justo.'),
(96, 'GUDHM', 'hSpbM', '629.40', '419.97', 'Praesent egestas, magna non dictum laoreet, turpis lacus consectetur arcu, vitae euismod lectus sapien iaculis nunc.\nInteger tempus arcu a lorem pharetra rutrum.', 'Praesent tempor eget diam ac interdum.'),
(97, 'uOiUj', 'htvrN', '3.54', '470.40', 'Pellentesque tempor, libero at feugiat imperdiet, lorem orci laoreet lacus, non porttitor lorem arcu in eros.\nFusce quis lectus eu risus elementum congue.', 'Nullam id orci faucibus, molestie orci in, euismod eros.\nNulla sodales tristique magna id gravida.'),
(98, 'kbWYp', 'gMoPN', '109.18', '196.48', 'Fusce a quam ante.\nAliquam sit amet lorem sed risus semper fringilla.', 'Vestibulum bibendum convallis ipsum, eget semper tortor.'),
(99, 'OtCEl', 'joigk', '460.36', '891.14', 'Donec ac dui ex.', 'Sed et nibh nec ante commodo rhoncus et a ex.\nMauris aliquam nec sapien accumsan mollis.'),
(100, 'iiTRk', 'oLsFL', '61.37', '902.60', 'Aliquam sagittis malesuada dolor, id sagittis purus gravida eu.\nProin fringilla justo quis arcu fringilla, a accumsan augue placerat.', 'Quisque ac aliquet risus, non porttitor lacus.');

-- --------------------------------------------------------

--
-- Structure de la table `commande`
--

CREATE TABLE IF NOT EXISTS `commande` (
`id` int(11) NOT NULL,
  `reference` varchar(45) NOT NULL
) ENGINE=InnoDB  DEFAULT CHARSET=latin1 AUTO_INCREMENT=51 ;

--
-- Contenu de la table `commande`
--

INSERT INTO `commande` (`id`, `reference`) VALUES
(1, 'HpPnyAWD'),
(2, 'ruBzjMLF'),
(3, 'ZHfhQXol'),
(4, 'yInDPDqS'),
(5, 'RkVzTlHp'),
(6, 'WLlsNFbC'),
(7, 'PmEzEMEz'),
(8, 'LEMvHyHW'),
(9, 'cfKouUTD'),
(10, 'qzrYFNJV'),
(11, 'mhyIklZy'),
(12, 'VyfIBeGI'),
(13, 'spEVTFIx'),
(14, 'NSddAKNF'),
(15, 'oQbnaUGV'),
(16, 'sPYtcAVd'),
(17, 'LOrCzIgx'),
(18, 'jsEzrexd'),
(19, 'nwyejLdT'),
(20, 'smZWRoKz'),
(21, 'rbmSmbRO'),
(22, 'yZTqQQMI'),
(23, 'oXwebCpB'),
(24, 'YoQefVQz'),
(25, 'YyGHxYaH'),
(26, 'wufxRQsC'),
(27, 'kAkKCKMT'),
(28, 'MVVitjHK'),
(29, 'ummwXcyS'),
(30, 'LInUybUU'),
(31, 'DpBuThVm'),
(32, 'AVCfznYv'),
(33, 'QeFaDHOd'),
(34, 'vqbrvjIY'),
(35, 'SdiYjjWM'),
(36, 'MmfjTbYk'),
(37, 'EARWxBdf'),
(38, 'shaHSusa'),
(39, 'gDUdmEzb'),
(40, 'ZbhWMfcq'),
(41, 'nvqIAEYF'),
(42, 'QGunBJIs'),
(43, 'JxipKpFc'),
(44, 'cbiCOuWj'),
(45, 'qYCnFHcw'),
(46, 'wwrSlhSR'),
(47, 'qtSTUuaU'),
(48, 'yFsJXbTN'),
(49, 'wqaEFnde'),
(50, 'asVdGxxk');

-- --------------------------------------------------------

--
-- Structure de la table `commande_has_article`
--

CREATE TABLE IF NOT EXISTS `commande_has_article` (
  `commande_id` int(11) NOT NULL,
  `article_id` int(11) NOT NULL,
  `container_id` int(11) DEFAULT NULL
) ENGINE=InnoDB DEFAULT CHARSET=latin1;

--
-- Contenu de la table `commande_has_article`
--

INSERT INTO `commande_has_article` (`commande_id`, `article_id`, `container_id`) VALUES
(1, 5, NULL),
(1, 9, NULL),
(1, 20, NULL),
(1, 38, NULL),
(1, 42, NULL),
(1, 45, NULL),
(1, 47, NULL),
(1, 54, NULL),
(1, 58, NULL),
(1, 62, NULL),
(1, 71, NULL),
(1, 74, NULL),
(1, 76, NULL),
(1, 78, NULL),
(1, 79, NULL),
(1, 83, NULL),
(1, 86, NULL),
(1, 92, NULL),
(1, 95, NULL),
(2, 15, NULL),
(2, 19, NULL),
(2, 30, NULL),
(2, 31, NULL),
(2, 34, NULL),
(2, 43, NULL),
(2, 45, NULL),
(2, 47, NULL),
(2, 56, NULL),
(2, 79, NULL),
(2, 84, NULL),
(2, 96, NULL),
(3, 13, NULL),
(3, 17, NULL),
(3, 21, NULL),
(3, 23, NULL),
(3, 27, NULL),
(3, 34, NULL),
(3, 35, NULL),
(3, 39, NULL),
(3, 40, NULL),
(3, 45, NULL),
(3, 53, NULL),
(3, 54, NULL),
(3, 61, NULL),
(3, 65, NULL),
(3, 74, NULL),
(3, 79, NULL),
(3, 85, NULL),
(3, 91, NULL),
(3, 93, NULL),
(3, 94, NULL),
(4, 14, NULL),
(4, 21, NULL),
(4, 28, NULL),
(4, 49, NULL),
(4, 54, NULL),
(4, 57, NULL),
(4, 66, NULL),
(4, 75, NULL),
(4, 79, NULL),
(4, 80, NULL),
(4, 93, NULL),
(4, 96, NULL),
(4, 98, NULL),
(5, 1, NULL),
(5, 5, NULL),
(5, 7, NULL),
(5, 12, NULL),
(5, 13, NULL),
(5, 21, NULL),
(5, 34, NULL),
(5, 41, NULL),
(5, 43, NULL),
(5, 44, NULL),
(5, 52, NULL),
(5, 53, NULL),
(5, 56, NULL),
(5, 59, NULL),
(5, 84, NULL),
(5, 88, NULL),
(6, 16, NULL),
(6, 18, NULL),
(6, 19, NULL),
(6, 23, NULL),
(6, 24, NULL),
(6, 25, NULL),
(6, 29, NULL),
(6, 32, NULL),
(6, 36, NULL),
(6, 42, NULL),
(6, 47, NULL),
(6, 63, NULL),
(6, 68, NULL),
(6, 69, NULL),
(6, 74, NULL),
(6, 75, NULL),
(7, 13, NULL),
(7, 22, NULL),
(7, 27, NULL),
(7, 68, NULL),
(7, 75, NULL),
(7, 79, NULL),
(7, 88, NULL),
(7, 95, NULL),
(8, 3, NULL),
(8, 6, NULL),
(8, 22, NULL),
(8, 29, NULL),
(8, 33, NULL),
(8, 35, NULL),
(8, 53, NULL),
(8, 54, NULL),
(8, 68, NULL),
(8, 72, NULL),
(8, 77, NULL),
(8, 85, NULL),
(8, 96, NULL),
(8, 98, NULL),
(8, 99, NULL),
(9, 9, NULL),
(9, 10, NULL),
(9, 13, NULL),
(9, 15, NULL),
(9, 17, NULL),
(9, 21, NULL),
(9, 29, NULL),
(9, 31, NULL),
(9, 37, NULL),
(9, 40, NULL),
(9, 49, NULL),
(9, 76, NULL),
(9, 81, NULL),
(9, 91, NULL),
(9, 92, NULL),
(10, 1, NULL),
(10, 7, NULL),
(10, 8, NULL),
(10, 14, NULL),
(10, 19, NULL),
(10, 30, NULL),
(10, 43, NULL),
(10, 47, NULL),
(10, 51, NULL),
(10, 53, NULL),
(10, 62, NULL),
(10, 78, NULL),
(10, 93, NULL),
(10, 95, NULL),
(10, 98, NULL),
(11, 4, NULL),
(11, 7, NULL),
(11, 18, NULL),
(11, 19, NULL),
(11, 25, NULL),
(11, 30, NULL),
(11, 37, NULL),
(11, 42, NULL),
(11, 70, NULL),
(11, 78, NULL),
(11, 80, NULL),
(11, 83, NULL),
(11, 89, NULL),
(11, 92, NULL),
(11, 97, NULL),
(12, 6, NULL),
(12, 9, NULL),
(12, 16, NULL),
(12, 28, NULL),
(12, 35, NULL),
(12, 46, NULL),
(12, 48, NULL),
(12, 50, NULL),
(12, 55, NULL),
(12, 58, NULL),
(12, 59, NULL),
(12, 60, NULL),
(12, 66, NULL),
(12, 76, NULL),
(12, 77, NULL),
(12, 81, NULL),
(12, 82, NULL),
(12, 87, NULL),
(12, 98, NULL),
(13, 1, NULL),
(13, 2, NULL),
(13, 7, NULL),
(13, 10, NULL),
(13, 16, NULL),
(13, 20, NULL),
(13, 21, NULL),
(13, 43, NULL),
(13, 53, NULL),
(13, 63, NULL),
(13, 68, NULL),
(13, 69, NULL),
(13, 72, NULL),
(13, 77, NULL),
(13, 80, NULL),
(13, 89, NULL),
(13, 90, NULL),
(13, 94, NULL),
(14, 9, NULL),
(14, 10, NULL),
(14, 17, NULL),
(14, 24, NULL),
(14, 25, NULL),
(14, 33, NULL),
(14, 48, NULL),
(14, 53, NULL),
(14, 56, NULL),
(14, 60, NULL),
(14, 67, NULL),
(14, 74, NULL),
(14, 76, NULL),
(14, 77, NULL),
(14, 82, NULL),
(14, 83, NULL),
(14, 85, NULL),
(14, 93, NULL),
(14, 98, NULL),
(15, 4, NULL),
(15, 6, NULL),
(15, 9, NULL),
(15, 11, NULL),
(15, 18, NULL),
(15, 22, NULL),
(15, 26, NULL),
(15, 31, NULL),
(15, 42, NULL),
(15, 50, NULL),
(15, 54, NULL),
(15, 55, NULL),
(15, 63, NULL),
(15, 67, NULL),
(15, 76, NULL),
(15, 78, NULL),
(15, 79, NULL),
(15, 84, NULL),
(15, 86, NULL),
(15, 92, NULL),
(15, 94, NULL),
(16, 3, NULL),
(16, 4, NULL),
(16, 17, NULL),
(16, 18, NULL),
(16, 19, NULL),
(16, 23, NULL),
(16, 25, NULL),
(16, 36, NULL),
(16, 41, NULL),
(16, 48, NULL),
(16, 49, NULL),
(16, 51, NULL),
(16, 61, NULL),
(16, 73, NULL),
(16, 83, NULL),
(16, 86, NULL),
(16, 87, NULL),
(16, 92, NULL),
(16, 98, NULL),
(17, 16, NULL),
(17, 22, NULL),
(17, 30, NULL),
(17, 37, NULL),
(17, 40, NULL),
(17, 56, NULL),
(17, 62, NULL),
(17, 72, NULL),
(17, 80, NULL),
(17, 87, NULL),
(17, 92, NULL),
(17, 94, NULL),
(17, 98, NULL),
(18, 12, NULL),
(18, 21, NULL),
(18, 23, NULL),
(18, 28, NULL),
(18, 39, NULL),
(18, 50, NULL),
(18, 54, NULL),
(18, 58, NULL),
(18, 75, NULL),
(18, 83, NULL),
(18, 89, NULL),
(19, 7, NULL),
(19, 9, NULL),
(19, 13, NULL),
(19, 16, NULL),
(19, 23, NULL),
(19, 52, NULL),
(19, 58, NULL),
(19, 73, NULL),
(19, 80, NULL),
(19, 81, NULL),
(19, 94, NULL),
(19, 96, NULL),
(20, 6, NULL),
(20, 20, NULL),
(20, 36, NULL),
(20, 37, NULL),
(20, 41, NULL),
(20, 54, NULL),
(20, 63, NULL),
(20, 78, NULL),
(20, 82, NULL),
(20, 84, NULL),
(20, 86, NULL),
(20, 89, NULL),
(21, 8, NULL),
(21, 10, NULL),
(21, 22, NULL),
(21, 38, NULL),
(21, 44, NULL),
(21, 62, NULL),
(21, 68, NULL),
(21, 91, NULL),
(21, 94, NULL),
(22, 6, NULL),
(22, 7, NULL),
(22, 11, NULL),
(22, 12, NULL),
(22, 16, NULL),
(22, 21, NULL),
(22, 30, NULL),
(22, 33, NULL),
(22, 34, NULL),
(22, 35, NULL),
(22, 41, NULL),
(22, 42, NULL),
(22, 53, NULL),
(22, 57, NULL),
(22, 65, NULL),
(22, 73, NULL),
(22, 82, NULL),
(22, 83, NULL),
(22, 91, NULL),
(22, 94, NULL),
(23, 17, NULL),
(23, 20, NULL),
(23, 29, NULL),
(23, 34, NULL),
(23, 43, NULL),
(23, 48, NULL),
(23, 62, NULL),
(23, 67, NULL),
(23, 73, NULL),
(23, 74, NULL),
(23, 89, NULL),
(23, 99, NULL),
(24, 10, NULL),
(24, 13, NULL),
(24, 16, NULL),
(24, 26, NULL),
(24, 39, NULL),
(24, 40, NULL),
(24, 48, NULL),
(24, 50, NULL),
(24, 52, NULL),
(24, 54, NULL),
(24, 60, NULL),
(24, 71, NULL),
(24, 79, NULL),
(24, 88, NULL),
(25, 24, NULL),
(25, 29, NULL),
(25, 30, NULL),
(25, 37, NULL),
(25, 47, NULL),
(25, 62, NULL),
(25, 64, NULL),
(25, 81, NULL),
(26, 2, NULL),
(26, 4, NULL),
(26, 10, NULL),
(26, 13, NULL),
(26, 22, NULL),
(26, 26, NULL),
(26, 27, NULL),
(26, 32, NULL),
(26, 42, NULL),
(26, 46, NULL),
(26, 48, NULL),
(26, 50, NULL),
(26, 56, NULL),
(26, 58, NULL),
(26, 61, NULL),
(26, 63, NULL),
(26, 73, NULL),
(26, 84, NULL),
(26, 94, NULL),
(27, 5, NULL),
(27, 12, NULL),
(27, 13, NULL),
(27, 26, NULL),
(27, 27, NULL),
(27, 33, NULL),
(27, 34, NULL),
(27, 35, NULL),
(27, 37, NULL),
(27, 47, NULL),
(27, 48, NULL),
(27, 59, NULL),
(27, 62, NULL),
(27, 70, NULL),
(27, 83, NULL),
(27, 91, NULL),
(28, 3, NULL),
(28, 15, NULL),
(28, 18, NULL),
(28, 32, NULL),
(28, 35, NULL),
(28, 49, NULL),
(28, 53, NULL),
(28, 57, NULL),
(28, 60, NULL),
(28, 62, NULL),
(28, 73, NULL),
(28, 79, NULL),
(28, 86, NULL),
(28, 90, NULL),
(28, 94, NULL),
(29, 2, NULL),
(29, 14, NULL),
(29, 17, NULL),
(29, 24, NULL),
(29, 26, NULL),
(29, 33, NULL),
(29, 35, NULL),
(29, 38, NULL),
(29, 43, NULL),
(29, 49, NULL),
(29, 55, NULL),
(29, 60, NULL),
(29, 62, NULL),
(29, 66, NULL),
(29, 69, NULL),
(29, 78, NULL),
(29, 92, NULL),
(30, 6, NULL),
(30, 7, NULL),
(30, 11, NULL),
(30, 13, NULL),
(30, 22, NULL),
(30, 24, NULL),
(30, 30, NULL),
(30, 37, NULL),
(30, 42, NULL),
(30, 50, NULL),
(30, 54, NULL),
(30, 59, NULL),
(30, 67, NULL),
(30, 69, NULL),
(30, 72, NULL),
(30, 73, NULL),
(30, 76, NULL),
(30, 84, NULL),
(30, 88, NULL),
(30, 89, NULL),
(30, 93, NULL),
(31, 2, NULL),
(31, 7, NULL),
(31, 17, NULL),
(31, 19, NULL),
(31, 23, NULL),
(31, 25, NULL),
(31, 36, NULL),
(31, 37, NULL),
(31, 40, NULL),
(31, 43, NULL),
(31, 46, NULL),
(31, 56, NULL),
(31, 58, NULL),
(31, 63, NULL),
(31, 73, NULL),
(31, 76, NULL),
(31, 91, NULL),
(31, 98, NULL),
(32, 3, NULL),
(32, 16, NULL),
(32, 41, NULL),
(32, 70, NULL),
(32, 71, NULL),
(32, 79, NULL),
(32, 83, NULL),
(32, 85, NULL),
(32, 86, NULL),
(32, 99, NULL),
(33, 3, NULL),
(33, 22, NULL),
(33, 25, NULL),
(33, 27, NULL),
(33, 28, NULL),
(33, 29, NULL),
(33, 32, NULL),
(33, 36, NULL),
(33, 51, NULL),
(33, 53, NULL),
(33, 56, NULL),
(33, 58, NULL),
(33, 76, NULL),
(33, 78, NULL),
(33, 79, NULL),
(33, 82, NULL),
(33, 83, NULL),
(33, 90, NULL),
(33, 94, NULL),
(33, 99, NULL),
(34, 2, NULL),
(34, 4, NULL),
(34, 15, NULL),
(34, 17, NULL),
(34, 21, NULL),
(34, 24, NULL),
(34, 30, NULL),
(34, 32, NULL),
(34, 34, NULL),
(34, 38, NULL),
(34, 41, NULL),
(34, 54, NULL),
(34, 55, NULL),
(34, 59, NULL),
(34, 65, NULL),
(34, 70, NULL),
(34, 77, NULL),
(34, 80, NULL),
(34, 85, NULL),
(34, 87, NULL),
(34, 91, NULL),
(34, 95, NULL),
(35, 1, NULL),
(35, 10, NULL),
(35, 12, NULL),
(35, 18, NULL),
(35, 25, NULL),
(35, 26, NULL),
(35, 28, NULL),
(35, 32, NULL),
(35, 35, NULL),
(35, 46, NULL),
(35, 48, NULL),
(35, 54, NULL),
(35, 60, NULL),
(35, 62, NULL),
(35, 73, NULL),
(35, 77, NULL),
(35, 81, NULL),
(35, 91, NULL),
(35, 93, NULL),
(35, 95, NULL),
(35, 97, NULL),
(36, 3, NULL),
(36, 10, NULL),
(36, 20, NULL),
(36, 21, NULL),
(36, 28, NULL),
(36, 34, NULL),
(36, 41, NULL),
(36, 52, NULL),
(36, 58, NULL),
(36, 63, NULL),
(36, 70, NULL),
(36, 71, NULL),
(36, 76, NULL),
(36, 82, NULL),
(36, 86, NULL),
(36, 92, NULL),
(36, 93, NULL),
(36, 94, NULL),
(37, 4, NULL),
(37, 11, NULL),
(37, 20, NULL),
(37, 21, NULL),
(37, 23, NULL),
(37, 28, NULL),
(37, 35, NULL),
(37, 44, NULL),
(37, 46, NULL),
(37, 49, NULL),
(37, 73, NULL),
(37, 88, NULL),
(37, 99, NULL),
(38, 23, NULL),
(38, 36, NULL),
(38, 38, NULL),
(38, 50, NULL),
(38, 54, NULL),
(38, 59, NULL),
(38, 64, NULL),
(38, 66, NULL),
(38, 71, NULL),
(38, 77, NULL),
(38, 87, NULL),
(38, 94, NULL),
(38, 99, NULL),
(39, 1, NULL),
(39, 3, NULL),
(39, 9, NULL),
(39, 12, NULL),
(39, 20, NULL),
(39, 22, NULL),
(39, 30, NULL),
(39, 36, NULL),
(39, 41, NULL),
(39, 46, NULL),
(39, 48, NULL),
(39, 58, NULL),
(39, 63, NULL),
(39, 64, NULL),
(39, 76, NULL),
(39, 92, NULL),
(39, 93, NULL),
(39, 95, NULL),
(39, 97, NULL),
(40, 2, NULL),
(40, 11, NULL),
(40, 13, NULL),
(40, 22, NULL),
(40, 27, NULL),
(40, 31, NULL),
(40, 33, NULL),
(40, 36, NULL),
(40, 37, NULL),
(40, 40, NULL),
(40, 41, NULL),
(40, 51, NULL),
(40, 58, NULL),
(40, 63, NULL),
(40, 67, NULL),
(40, 68, NULL),
(40, 69, NULL),
(40, 79, NULL),
(40, 82, NULL),
(40, 86, NULL),
(40, 90, NULL),
(40, 98, NULL),
(41, 5, NULL),
(41, 14, NULL),
(41, 16, NULL),
(41, 19, NULL),
(41, 24, NULL),
(41, 34, NULL),
(41, 37, NULL),
(41, 42, NULL),
(41, 49, NULL),
(41, 53, NULL),
(41, 65, NULL),
(41, 66, NULL),
(41, 69, NULL),
(41, 80, NULL),
(41, 81, NULL),
(41, 82, NULL),
(41, 87, NULL),
(41, 92, NULL),
(41, 96, NULL),
(41, 99, NULL),
(42, 11, NULL),
(42, 16, NULL),
(42, 34, NULL),
(42, 39, NULL),
(42, 40, NULL),
(42, 44, NULL),
(42, 50, NULL),
(42, 57, NULL),
(42, 65, NULL),
(42, 73, NULL),
(42, 76, NULL),
(42, 82, NULL),
(42, 88, NULL),
(43, 1, NULL),
(43, 5, NULL),
(43, 22, NULL),
(43, 32, NULL),
(43, 39, NULL),
(43, 44, NULL),
(43, 52, NULL),
(43, 54, NULL),
(43, 55, NULL),
(43, 56, NULL),
(43, 60, NULL),
(43, 65, NULL),
(43, 66, NULL),
(43, 71, NULL),
(43, 72, NULL),
(43, 75, NULL),
(43, 87, NULL),
(44, 6, NULL),
(44, 10, NULL),
(44, 13, NULL),
(44, 16, NULL),
(44, 17, NULL),
(44, 21, NULL),
(44, 25, NULL),
(44, 36, NULL),
(44, 37, NULL),
(44, 46, NULL),
(44, 51, NULL),
(44, 58, NULL),
(44, 61, NULL),
(44, 71, NULL),
(44, 73, NULL),
(44, 75, NULL),
(44, 91, NULL),
(44, 96, NULL),
(45, 1, NULL),
(45, 34, NULL),
(45, 37, NULL),
(45, 43, NULL),
(45, 44, NULL),
(45, 46, NULL),
(45, 51, NULL),
(45, 57, NULL),
(45, 71, NULL),
(45, 74, NULL),
(45, 84, NULL),
(45, 93, NULL),
(45, 98, NULL),
(46, 2, NULL),
(46, 8, NULL),
(46, 12, NULL),
(46, 17, NULL),
(46, 34, NULL),
(46, 37, NULL),
(46, 43, NULL),
(46, 44, NULL),
(46, 56, NULL),
(46, 74, NULL),
(46, 82, NULL),
(46, 90, NULL),
(46, 92, NULL),
(46, 94, NULL),
(46, 96, NULL),
(46, 99, NULL),
(47, 9, NULL),
(47, 15, NULL),
(47, 23, NULL),
(47, 24, NULL),
(47, 35, NULL),
(47, 36, NULL),
(47, 43, NULL),
(47, 51, NULL),
(47, 92, NULL),
(47, 98, NULL),
(48, 11, NULL),
(48, 17, NULL),
(48, 30, NULL),
(48, 41, NULL),
(48, 50, NULL),
(48, 56, NULL),
(48, 72, NULL),
(48, 77, NULL),
(48, 83, NULL),
(48, 86, NULL),
(48, 87, NULL),
(48, 91, NULL),
(48, 94, NULL),
(48, 95, NULL),
(48, 97, NULL),
(49, 1, NULL),
(49, 8, NULL),
(49, 12, NULL),
(49, 13, NULL),
(49, 21, NULL),
(49, 36, NULL),
(49, 40, NULL),
(49, 44, NULL),
(49, 45, NULL),
(49, 56, NULL),
(49, 61, NULL),
(49, 66, NULL),
(49, 71, NULL),
(49, 83, NULL),
(49, 84, NULL),
(49, 86, NULL),
(49, 90, NULL),
(49, 95, NULL),
(49, 96, NULL);

-- --------------------------------------------------------

--
-- Structure de la table `container`
--

CREATE TABLE IF NOT EXISTS `container` (
`id` int(11) NOT NULL,
  `nom` varchar(45) NOT NULL
) ENGINE=InnoDB DEFAULT CHARSET=latin1 AUTO_INCREMENT=1 ;

-- --------------------------------------------------------

--
-- Structure de la table `fournisseur`
--

CREATE TABLE IF NOT EXISTS `fournisseur` (
`id` int(11) NOT NULL,
  `nom` varchar(45) NOT NULL
) ENGINE=InnoDB  DEFAULT CHARSET=latin1 AUTO_INCREMENT=41 ;

--
-- Contenu de la table `fournisseur`
--

INSERT INTO `fournisseur` (`id`, `nom`) VALUES
(1, 'C00'),
(2, 'C01'),
(3, 'C02'),
(4, 'C03'),
(5, 'C04'),
(6, 'C05'),
(7, 'C06'),
(8, 'C07'),
(9, 'C08'),
(10, 'C09'),
(11, 'C10'),
(12, 'C11'),
(13, 'C12'),
(14, 'C13'),
(15, 'C14'),
(16, 'C15'),
(17, 'C16'),
(18, 'C17'),
(19, 'C18'),
(20, 'C19'),
(21, 'C00'),
(22, 'C01'),
(23, 'C02'),
(24, 'C03'),
(25, 'C04'),
(26, 'C05'),
(27, 'C06'),
(28, 'C07'),
(29, 'C08'),
(30, 'C09'),
(31, 'C10'),
(32, 'C11'),
(33, 'C12'),
(34, 'C13'),
(35, 'C14'),
(36, 'C15'),
(37, 'C16'),
(38, 'C17'),
(39, 'C18'),
(40, 'C19');

-- --------------------------------------------------------

--
-- Structure de la table `fournisseur_has_article`
--

CREATE TABLE IF NOT EXISTS `fournisseur_has_article` (
  `fournisseur_id` int(11) NOT NULL,
  `article_id` int(11) NOT NULL,
  `reference` varchar(64) NOT NULL
) ENGINE=InnoDB DEFAULT CHARSET=latin1;

--
-- Contenu de la table `fournisseur_has_article`
--

INSERT INTO `fournisseur_has_article` (`fournisseur_id`, `article_id`, `reference`) VALUES
(1, 11, 'VHWFlr'),
(1, 16, 'pLaiYe'),
(1, 18, 'lhmDFo'),
(1, 22, 'rnOneo'),
(1, 23, 'xpfUcn'),
(1, 31, 'MYwnZK'),
(1, 38, 'PrTcJC'),
(1, 47, 'zhNdrM'),
(1, 54, 'qZTiyP'),
(1, 56, 'FClgRj'),
(1, 58, 'emwull'),
(1, 59, 'HGSpxS'),
(1, 61, 'DVdnXL'),
(1, 62, 'kWfcGd'),
(1, 65, 'ZpdZGv'),
(1, 68, 'snysXO'),
(1, 72, 'WgrsiX'),
(1, 73, 'MooTsM'),
(1, 74, 'GgAqzt'),
(1, 76, 'JgQpyO'),
(1, 77, 'bcTwZS'),
(1, 82, 'WzDdhO'),
(1, 84, 'jzabiJ'),
(1, 96, 'oBGZQp'),
(2, 2, 'EUnqej'),
(2, 3, 'zIjilg'),
(2, 4, 'ZVYocn'),
(2, 6, 'dteEPM'),
(2, 11, 'qQNRrM'),
(2, 12, 'dgWKGw'),
(2, 13, 'EBOUXw'),
(2, 27, 'bffMGq'),
(2, 40, 'csBazb'),
(2, 41, 'kzekAP'),
(2, 43, 'cxutZx'),
(2, 47, 'bxiYit'),
(2, 49, 'PYghSW'),
(2, 52, 'MPaZSD'),
(2, 54, 'eTNRbI'),
(2, 56, 'KkVVnC'),
(2, 58, 'jPAjnS'),
(2, 67, 'ohqJBq'),
(2, 70, 'ADBett'),
(2, 72, 'quYxVB'),
(2, 75, 'TmCMDD'),
(2, 77, 'yuDRLa'),
(2, 78, 'AegBwI'),
(2, 87, 'vHeNZP'),
(2, 90, 'JgRZaR'),
(2, 97, 'lkOxay'),
(2, 98, 'NeJCKy'),
(2, 99, 'bFZpqE'),
(3, 1, 'kbjwHZ'),
(3, 2, 'cGmqwP'),
(3, 4, 'BUlhRw'),
(3, 9, 'guqsjQ'),
(3, 13, 'NkatCv'),
(3, 14, 'uzWyyd'),
(3, 15, 'fANtyv'),
(3, 27, 'yMhTIB'),
(3, 28, 'PlQwfw'),
(3, 32, 'gmTMTU'),
(3, 34, 'tuOBMX'),
(3, 48, 'BXbZZr'),
(3, 53, 'ygTeNt'),
(3, 54, 'FsNTLc'),
(3, 55, 'PYLjyD'),
(3, 57, 'mSVqBy'),
(3, 58, 'pktHXO'),
(3, 60, 'cwREUk'),
(3, 61, 'eOUUjC'),
(3, 65, 'QrLNgS'),
(3, 73, 'YPeYYC'),
(3, 76, 'pDeRWJ'),
(3, 77, 'iGULci'),
(3, 79, 'eEiSSe'),
(3, 80, 'PwDniy'),
(3, 89, 'mDAKnJ'),
(3, 93, 'yRkLUi'),
(3, 98, 'KDFJKc'),
(3, 99, 'LQazVh'),
(4, 1, 'wfRIJC'),
(4, 2, 'UoctQm'),
(4, 3, 'HJjzcn'),
(4, 8, 'CznrDX'),
(4, 20, 'KethJa'),
(4, 22, 'hzkCSx'),
(4, 26, 'SRgiTV'),
(4, 28, 'KoTfLS'),
(4, 32, 'Znfwvr'),
(4, 34, 'rVEcWi'),
(4, 35, 'JnmsZw'),
(4, 37, 'vPjCOA'),
(4, 38, 'EcHCFI'),
(4, 41, 'ZeORoD'),
(4, 43, 'YsLybm'),
(4, 46, 'rAXRyD'),
(4, 48, 'yaHzUl'),
(4, 50, 'qvmLXM'),
(4, 58, 'geiEMq'),
(4, 61, 'BAduJv'),
(4, 65, 'tjJJYW'),
(4, 69, 'reBRbd'),
(4, 72, 'BOeRpy'),
(4, 75, 'vMrOli'),
(4, 78, 'Pfajkj'),
(4, 79, 'hgRWLO'),
(4, 86, 'wgHvnp'),
(4, 87, 'AWAqcK'),
(4, 88, 'IOjOvA'),
(4, 90, 'lvJZjU'),
(5, 6, 'vONiVV'),
(5, 8, 'uuauCj'),
(5, 10, 'ucdNaY'),
(5, 11, 'eYobtU'),
(5, 13, 'GemTWS'),
(5, 16, 'wSNnJx'),
(5, 17, 'rMwvmz'),
(5, 18, 'LYtzew'),
(5, 19, 'KVVsoY'),
(5, 20, 'UMVfQb'),
(5, 21, 'puyveg'),
(5, 28, 'zHppYY'),
(5, 29, 'mxQmrp'),
(5, 35, 'fTxJvg'),
(5, 37, 'KnuGWZ'),
(5, 38, 'AvWebH'),
(5, 42, 'HgPuoK'),
(5, 43, 'TGfzAq'),
(5, 47, 'FVrues'),
(5, 48, 'HtxXsY'),
(5, 53, 'xrHrEz'),
(5, 55, 'adVSyL'),
(5, 59, 'oRcnQA'),
(5, 60, 'DzUsrp'),
(5, 64, 'gTuToo'),
(5, 68, 'OaFpUk'),
(5, 72, 'aMpZYU'),
(5, 77, 'sfQYXQ'),
(5, 90, 'jzqFdk'),
(5, 92, 'uDZrNO'),
(5, 94, 'kCUvWa'),
(5, 99, 'kVJVEB'),
(6, 10, 'COEpnv'),
(6, 17, 'YRhNzk'),
(6, 26, 'BxBTJU'),
(6, 28, 'LEcXqF'),
(6, 31, 'UGabQp'),
(6, 38, 'UTMdKj'),
(6, 41, 'klHfAw'),
(6, 42, 'QDpeSQ'),
(6, 43, 'jJuQbT'),
(6, 54, 'ULwMkX'),
(6, 56, 'mGptJu'),
(6, 57, 'nJgNlO'),
(6, 58, 'PURHPm'),
(6, 59, 'KnDJwP'),
(6, 63, 'GmQkKi'),
(6, 65, 'bEtIYF'),
(6, 66, 'vfHOcC'),
(6, 67, 'heaVPi'),
(6, 71, 'rXqmNd'),
(6, 72, 'SVLzOV'),
(6, 73, 'roNZVO'),
(6, 77, 'BbmpeS'),
(6, 81, 'qiFhoQ'),
(6, 83, 'nVIWPR'),
(6, 86, 'HKBWSa'),
(6, 89, 'rgMlny'),
(6, 92, 'eoAaNr'),
(6, 93, 'VbrMff'),
(6, 96, 'tACkQY'),
(6, 97, 'zPhyZJ'),
(7, 1, 'oDvNYE'),
(7, 2, 'hqBDBI'),
(7, 3, 'xdRTjB'),
(7, 4, 'XOXuMF'),
(7, 14, 'geoSWN'),
(7, 16, 'fTdKWO'),
(7, 18, 'QRUznd'),
(7, 29, 'gDMbss'),
(7, 31, 'eGUYoW'),
(7, 43, 'EBqJno'),
(7, 47, 'DUtQaM'),
(7, 48, 'SMMYIl'),
(7, 50, 'UEtKbI'),
(7, 58, 'Vtskxa'),
(7, 65, 'zvBIoh'),
(7, 69, 'sZXECB'),
(7, 74, 'zRsJZs'),
(7, 77, 'XdvkfM'),
(7, 78, 'JPInEx'),
(7, 85, 'cgQXxu'),
(7, 93, 'INtKue'),
(8, 8, 'jvZwAr'),
(8, 14, 'mqvXBU'),
(8, 18, 'XbhEcU'),
(8, 20, 'cItvvt'),
(8, 26, 'dBzcNH'),
(8, 33, 'NOMuJo'),
(8, 36, 'JZFvgg'),
(8, 37, 'QRwgop'),
(8, 41, 'DLiSnN'),
(8, 42, 'yfraVy'),
(8, 55, 'pmFIdP'),
(8, 64, 'qPFpTs'),
(8, 68, 'iPoUOy'),
(8, 71, 'gMCrJp'),
(8, 78, 'uryHFT'),
(8, 87, 'iWJMyt'),
(8, 88, 'ZfRfDU'),
(8, 92, 'lvklhC'),
(8, 97, 'GgFRRo'),
(8, 98, 'YegBUW'),
(9, 1, 'WdbIRS'),
(9, 2, 'UnHKdt'),
(9, 4, 'mXCJcQ'),
(9, 11, 'LStVat'),
(9, 12, 'fNBrWT'),
(9, 15, 'nMXNVB'),
(9, 16, 'WyyXEo'),
(9, 19, 'CTtDjn'),
(9, 23, 'gkcArU'),
(9, 24, 'jTqcqQ'),
(9, 29, 'iAzqiY'),
(9, 30, 'RDdNaa'),
(9, 32, 'nNzagg'),
(9, 37, 'CwWXTU'),
(9, 41, 'VkAIDz'),
(9, 42, 'eOgHCU'),
(9, 51, 'nVYNRC'),
(9, 54, 'YpChtm'),
(9, 56, 'OhkJGK'),
(9, 63, 'izdRCm'),
(9, 65, 'MtrLfH'),
(9, 71, 'mfoOUa'),
(9, 80, 'oTWYJh'),
(9, 82, 'khiXZB'),
(9, 86, 'kMroZc'),
(9, 87, 'EjKEpD'),
(9, 91, 'UBjwrM'),
(9, 94, 'RxpXNV'),
(9, 96, 'UnKVtG'),
(9, 98, 'xFBYov'),
(9, 99, 'ddzyhB'),
(10, 1, 'mqpduH'),
(10, 3, 'exfHuq'),
(10, 10, 'hjoTPm'),
(10, 11, 'WgYARs'),
(10, 16, 'WjaXqk'),
(10, 17, 'jdlUoB'),
(10, 18, 'mwBxzQ'),
(10, 19, 'RPBhrT'),
(10, 22, 'FViGTD'),
(10, 27, 'WRMykJ'),
(10, 29, 'bFsKVL'),
(10, 30, 'AylTIK'),
(10, 39, 'FQVZDH'),
(10, 40, 'mTyCsv'),
(10, 43, 'uaKiGH'),
(10, 50, 'OguNdh'),
(10, 67, 'PBIhZU'),
(10, 69, 'bvYYeK'),
(10, 77, 'ISDnrx'),
(10, 84, 'MzKyQD'),
(10, 88, 'oLaIlC'),
(10, 89, 'QFyCiO'),
(10, 94, 'xjsZBA'),
(11, 2, 'JEzMai'),
(11, 3, 'IQgwrU'),
(11, 4, 'epXmFR'),
(11, 7, 'iopxpS'),
(11, 20, 'JOuxdU'),
(11, 23, 'xQVEvB'),
(11, 27, 'nIaIMD'),
(11, 43, 'BrIHxq'),
(11, 51, 'rIHuiF'),
(11, 53, 'UCPibb'),
(11, 56, 'VwCUAV'),
(11, 57, 'ouQDbK'),
(11, 63, 'zghkxB'),
(11, 74, 'UHfmSS'),
(11, 76, 'uBPRMY'),
(11, 91, 'sScbXK'),
(11, 98, 'IcLTjw'),
(12, 1, 'tTYFqp'),
(12, 2, 'acWitA'),
(12, 5, 'guUJSq'),
(12, 6, 'apBuqx'),
(12, 26, 'rpKzDy'),
(12, 33, 'oyklvq'),
(12, 38, 'EXxnot'),
(12, 41, 'Njnakl'),
(12, 42, 'eqsfIO'),
(12, 48, 'JPafFX'),
(12, 53, 'zxPpip'),
(12, 58, 'jqvSbR'),
(12, 63, 'NcalPx'),
(12, 76, 'WkKGyy'),
(12, 78, 'WIBmyx'),
(12, 79, 'eOyDXf'),
(12, 82, 'cuCXSv'),
(12, 86, 'cyNZwG'),
(12, 92, 'AOAXym'),
(12, 94, 'yBXMph'),
(13, 2, 'OpGUtN'),
(13, 3, 'RYhUeb'),
(13, 4, 'SOWevU'),
(13, 5, 'utfNAT'),
(13, 6, 'Elscka'),
(13, 7, 'DLQaHu'),
(13, 15, 'XTaert'),
(13, 26, 'sNNhcW'),
(13, 27, 'vIPJPi'),
(13, 34, 'Rpljbj'),
(13, 35, 'wAlDAe'),
(13, 37, 'WQAWDW'),
(13, 45, 'WMixdx'),
(13, 51, 'QyLdDE'),
(13, 53, 'cBWTQe'),
(13, 54, 'yTlPoi'),
(13, 58, 'LfNArJ'),
(13, 61, 'ITjxoA'),
(13, 72, 'Mbamby'),
(13, 74, 'CXyXmC'),
(13, 84, 'JYuNIu'),
(13, 85, 'cUJdfy'),
(13, 86, 'QhQWjP'),
(13, 88, 'aMWaOw'),
(13, 92, 'VUSqZu'),
(13, 93, 'caqyOh'),
(13, 97, 'jeUPwH'),
(13, 98, 'kCMiqw'),
(14, 11, 'ybbjCJ'),
(14, 17, 'GdCAEa'),
(14, 20, 'bInrEz'),
(14, 21, 'mGLOeg'),
(14, 23, 'GmYSMV'),
(14, 25, 'IonPSR'),
(14, 33, 'WAVMOW'),
(14, 36, 'CgRzqh'),
(14, 37, 'hRjckX'),
(14, 45, 'WdmgaH'),
(14, 48, 'jozGLm'),
(14, 49, 'GurLNI'),
(14, 51, 'RnkBRn'),
(14, 55, 'FJhKce'),
(14, 62, 'TWYKUr'),
(14, 65, 'oDpnWJ'),
(14, 66, 'VUeECp'),
(14, 71, 'jsQQTm'),
(14, 75, 'LCPfRD'),
(14, 79, 'gGqsNb'),
(14, 81, 'SRPRme'),
(14, 85, 'ttEvbA'),
(14, 87, 'DynvHE'),
(14, 88, 'BAoEzV'),
(14, 90, 'YBRFks'),
(14, 94, 'cmDrTh'),
(14, 95, 'zSIYCF'),
(14, 97, 'yFLalb'),
(15, 3, 'spGobT'),
(15, 5, 'rTzzcI'),
(15, 12, 'ehVopD'),
(15, 13, 'HNoHBe'),
(15, 15, 'XoLJQu'),
(15, 24, 'GNZhuc'),
(15, 25, 'ubcHdG'),
(15, 34, 'ZvhvcL'),
(15, 37, 'pgWVyc'),
(15, 40, 'MOxAnA'),
(15, 41, 'ZJFNlm'),
(15, 42, 'CvVyjj'),
(15, 45, 'huGDzw'),
(15, 53, 'DaSxsr'),
(15, 54, 'dEgOwR'),
(15, 56, 'iGmxlE'),
(15, 63, 'TbUhOA'),
(15, 64, 'dFYBmv'),
(15, 70, 'EyvECo'),
(15, 81, 'XaUqgj'),
(15, 82, 'QtfeLX'),
(15, 84, 'qQtlpb'),
(15, 86, 'lkLdUy'),
(15, 99, 'SZrETD'),
(16, 6, 'dEnzJi'),
(16, 10, 'OujAzx'),
(16, 17, 'sLXVkx'),
(16, 18, 'oHGEnU'),
(16, 24, 'GDjUsh'),
(16, 25, 'jtHZhl'),
(16, 29, 'fbZxzm'),
(16, 32, 'LmRUfa'),
(16, 33, 'pkcDrx'),
(16, 37, 'zZASvu'),
(16, 39, 'kuknqp'),
(16, 40, 'MdTEKF'),
(16, 50, 'wOIuRy'),
(16, 51, 'aMtGuR'),
(16, 54, 'zbYGwQ'),
(16, 58, 'JfwKlf'),
(16, 63, 'UrvoTv'),
(16, 67, 'IYdubS'),
(16, 68, 'UxbwsV'),
(16, 76, 'BsYiWA'),
(16, 78, 'etNBLB'),
(16, 86, 'TuTvBI'),
(16, 88, 'sHfACB'),
(16, 92, 'IYZmDC'),
(16, 93, 'VwEaVn'),
(16, 95, 'VwtGiA'),
(16, 98, 'tqktCQ'),
(16, 99, 'bSASpX'),
(17, 4, 'aUrgwi'),
(17, 6, 'JiGONL'),
(17, 7, 'KqRTfH'),
(17, 9, 'gluyGX'),
(17, 11, 'GpUOHY'),
(17, 13, 'bjaYpH'),
(17, 14, 'ImOTgU'),
(17, 19, 'CDSNkr'),
(17, 22, 'gfGtFP'),
(17, 26, 'tjATts'),
(17, 27, 'DYZSdH'),
(17, 30, 'DDsuYD'),
(17, 36, 'qrrQRN'),
(17, 40, 'ECrKoy'),
(17, 43, 'wdzWKK'),
(17, 50, 'iZkehq'),
(17, 51, 'qwzBBV'),
(17, 56, 'rXkGEy'),
(17, 62, 'keKtTp'),
(17, 64, 'tuQcgX'),
(17, 65, 'YyWMjs'),
(17, 66, 'AeBegS'),
(17, 67, 'wuIjgh'),
(17, 68, 'NTJGVK'),
(17, 72, 'RYUJJE'),
(17, 74, 'sbxNCu'),
(17, 75, 'BhtVpu'),
(17, 78, 'hoGMDP'),
(17, 81, 'rghZSf'),
(17, 85, 'BBCaBz'),
(17, 86, 'OUAjCa'),
(17, 92, 'cEPbuT'),
(17, 93, 'lFTvLt'),
(18, 4, 'YgHKxM'),
(18, 6, 'lGRgMe'),
(18, 8, 'RbRmoR'),
(18, 14, 'TxMHtr'),
(18, 18, 'YccVjP'),
(18, 21, 'RdYMHi'),
(18, 22, 'Vuvwdj'),
(18, 29, 'SWnvYL'),
(18, 34, 'cijUjH'),
(18, 37, 'hycpZk'),
(18, 42, 'pzgMtY'),
(18, 45, 'MwLoJH'),
(18, 46, 'mZtFnJ'),
(18, 47, 'WDzwKP'),
(18, 51, 'PGmeZG'),
(18, 57, 'tRYKPf'),
(18, 60, 'XNLTpW'),
(18, 64, 'sGPYvN'),
(18, 65, 'IkqdQJ'),
(18, 68, 'hdmGnw'),
(18, 74, 'jRkIeS'),
(18, 78, 'GSoEqb'),
(18, 86, 'JoqvuG'),
(18, 88, 'jPWsOD'),
(18, 90, 'KAcAFv'),
(18, 96, 'HvxMpJ'),
(18, 98, 'MxzwKs'),
(19, 4, 'ZJolIQ'),
(19, 7, 'iOOUOo'),
(19, 10, 'sySzoX'),
(19, 12, 'DtMbhb'),
(19, 17, 'RKSSte'),
(19, 18, 'ZXXQlR'),
(19, 19, 'kjQwDb'),
(19, 24, 'WObUkV'),
(19, 28, 'zAIJAX'),
(19, 39, 'atYBpR'),
(19, 40, 'sfJamj'),
(19, 42, 'uzKfZD'),
(19, 45, 'zwjrXf'),
(19, 49, 'ZgwplM'),
(19, 53, 'JqVlzn'),
(19, 55, 'JwfecX'),
(19, 56, 'DnxEMq'),
(19, 58, 'LYRpNf'),
(19, 59, 'EesBVv'),
(19, 61, 'JrPasw'),
(19, 68, 'qbMzZC'),
(19, 72, 'cjULap'),
(19, 75, 'evuBFK'),
(19, 80, 'PdIYhr'),
(19, 88, 'hKMRGb'),
(19, 92, 'YWToOI'),
(19, 94, 'cNCKKW'),
(19, 95, 'NQIkQa'),
(19, 96, 'IAfzWM'),
(20, 2, 'iLuVdi'),
(20, 3, 'OLwFMv'),
(20, 4, 'gKjGlT'),
(20, 6, 'StqSnQ'),
(20, 7, 'rWgdqH'),
(20, 8, 'oLvtny'),
(20, 10, 'QmVaYl'),
(20, 11, 'mQHmNj'),
(20, 15, 'ywGoyK'),
(20, 22, 'mBuSUs'),
(20, 23, 'jxcDfs'),
(20, 26, 'XplvEr'),
(20, 37, 'vPUceh'),
(20, 38, 'gWBoXG'),
(20, 42, 'NNVWSd'),
(20, 50, 'FKgyJo'),
(20, 52, 'KgRwHn'),
(20, 60, 'RZoISJ'),
(20, 74, 'MiVakq'),
(20, 76, 'mjHkFN'),
(20, 81, 'FrSErg'),
(20, 83, 'egsgpb'),
(20, 87, 'OeBRGz'),
(20, 92, 'DzoGCE'),
(20, 93, 'yCUsYq'),
(20, 95, 'wgkhEO'),
(20, 97, 'BzsymK'),
(20, 98, 'nZpZiT'),
(20, 99, 'IYeDrQ'),
(21, 1, 'FyUtFN'),
(21, 4, 'uVJEQP'),
(21, 5, 'tfCvMF'),
(21, 7, 'BkVWfN'),
(21, 9, 'xRLglE'),
(21, 11, 'nmnNJg'),
(21, 14, 'hRWpJN'),
(21, 16, 'PBXqCk'),
(21, 17, 'zbzIlK'),
(21, 20, 'tDcjgi'),
(21, 23, 'yDrQiq'),
(21, 28, 'suRUSa'),
(21, 33, 'OnlmQB'),
(21, 39, 'paXlrl'),
(21, 42, 'GMOmiA'),
(21, 49, 'SIhwQk'),
(21, 51, 'xpEsKa'),
(21, 57, 'HlgZgj'),
(21, 65, 'Btnqdn'),
(21, 70, 'kaNAuK'),
(21, 77, 'lWwNYK'),
(21, 81, 'ZmqnEw'),
(21, 84, 'Aspagd'),
(21, 85, 'iJGKnJ'),
(21, 86, 'wIHUMu'),
(21, 87, 'ySrMIx'),
(21, 90, 'oMyXBq'),
(21, 94, 'RzcGno'),
(21, 99, 'CaRDin'),
(22, 1, 'vftvgp'),
(22, 6, 'BfcjEb'),
(22, 8, 'xJQOYJ'),
(22, 13, 'LBLwct'),
(22, 17, 'rjxGbh'),
(22, 18, 'eQeQon'),
(22, 20, 'YIhqWG'),
(22, 22, 'fQfBdv'),
(22, 23, 'idxely'),
(22, 25, 'yavSVG'),
(22, 33, 'vWuXWs'),
(22, 35, 'PzIPDz'),
(22, 40, 'RVGLqN'),
(22, 42, 'KnMAou'),
(22, 47, 'XTaREi'),
(22, 49, 'EpVUOw'),
(22, 50, 'SmCuGi'),
(22, 53, 'iBXMMr'),
(22, 58, 'ctZris'),
(22, 59, 'gwqVxm'),
(22, 65, 'CnEHCH'),
(22, 69, 'SqSMDI'),
(22, 71, 'TiygVe'),
(22, 75, 'iZXgSv'),
(22, 76, 'ylJhlq'),
(22, 82, 'TDrusG'),
(22, 87, 'yYIfEA'),
(22, 93, 'dWxXAD'),
(22, 94, 'EkBVLt'),
(22, 99, 'gvjWZs'),
(23, 3, 'wAZPyb'),
(23, 4, 'RFapHp'),
(23, 5, 'XoGJHO'),
(23, 14, 'uSXlfs'),
(23, 17, 'cgZcYU'),
(23, 22, 'tXoEZu'),
(23, 25, 'YtCRuF'),
(23, 29, 'gqTlYz'),
(23, 30, 'FOjMQC'),
(23, 33, 'IUwcva'),
(23, 35, 'DQkbHF'),
(23, 36, 'MVgKmk'),
(23, 39, 'fZjFSd'),
(23, 49, 'PJVihB'),
(23, 58, 'PIjPsR'),
(23, 59, 'XaFmWG'),
(23, 63, 'FSpwiE'),
(23, 66, 'hfBLKQ'),
(23, 74, 'OdGwWO'),
(23, 88, 'OCdBlG'),
(23, 98, 'CjtPpC'),
(23, 99, 'LNfGQt'),
(24, 1, 'sfOEGE'),
(24, 12, 'uIjpDU'),
(24, 16, 'XMOXoF'),
(24, 18, 'eKizdF'),
(24, 22, 'sJzjAf'),
(24, 29, 'pDJTfP'),
(24, 33, 'GILipR'),
(24, 41, 'kcqFzn'),
(24, 45, 'PsxYhG'),
(24, 47, 'KIBRoU'),
(24, 56, 'RXWyTE'),
(24, 57, 'GNMQoS'),
(24, 59, 'rUotme'),
(24, 60, 'dPXYPV'),
(24, 67, 'qJkcam'),
(24, 70, 'fcSRIH'),
(24, 75, 'BNeqOg'),
(24, 78, 'gKBooJ'),
(24, 79, 'UglZzJ'),
(24, 84, 'bZIYba'),
(24, 89, 'BYozmm'),
(24, 90, 'EUhCJo'),
(24, 96, 'EPLsnp'),
(25, 2, 'hPFePJ'),
(25, 6, 'WhuztN'),
(25, 12, 'DDrQif'),
(25, 15, 'VsDbvB'),
(25, 17, 'LFXmWf'),
(25, 18, 'GSsMbM'),
(25, 22, 'HGQylI'),
(25, 30, 'arNhTF'),
(25, 41, 'BMUBHS'),
(25, 44, 'BYalCv'),
(25, 47, 'ejNlkc'),
(25, 50, 'eIEvFY'),
(25, 53, 'hdzhnY'),
(25, 57, 'bOXjIA'),
(25, 60, 'PRanXh'),
(25, 61, 'LxDklg'),
(25, 68, 'sRjSPx'),
(25, 72, 'uNukYL'),
(25, 85, 'izQEYS'),
(25, 87, 'XMtGNs'),
(25, 91, 'Qsekbq'),
(25, 92, 'lySMHO'),
(25, 96, 'BflDHb'),
(25, 99, 'xTVynr'),
(26, 7, 'NZbTmR'),
(26, 12, 'oKldUO'),
(26, 17, 'VhHrEA'),
(26, 28, 'cyfdHR'),
(26, 30, 'RXgEZU'),
(26, 35, 'EuxyNf'),
(26, 39, 'GWpaxA'),
(26, 45, 'zoxmxc'),
(26, 52, 'sOyoNq'),
(26, 54, 'MOihzZ'),
(26, 61, 'sXyOti'),
(26, 69, 'neHoLP'),
(26, 73, 'BCahHC'),
(26, 74, 'nVaHkd'),
(26, 81, 'tiBjdv'),
(26, 91, 'APuSeu'),
(26, 94, 'sIHDPP'),
(26, 98, 'RqeZCi'),
(27, 6, 'AbCAXN'),
(27, 19, 'ZMJPaB'),
(27, 23, 'JdKZdr'),
(27, 26, 'zRLtGb'),
(27, 28, 'JsWvlI'),
(27, 30, 'hKapvG'),
(27, 33, 'sjDxSq'),
(27, 38, 'lbyEgr'),
(27, 43, 'OOuUIE'),
(27, 49, 'SPVsZY'),
(27, 52, 'pLMqre'),
(27, 53, 'wILYOz'),
(27, 57, 'zHlxrr'),
(27, 63, 'bQZyOG'),
(27, 64, 'XOYbZI'),
(27, 65, 'YGGJxF'),
(27, 67, 'dMnTsd'),
(27, 68, 'gnUXTh'),
(27, 69, 'kwEwAd'),
(27, 70, 'tjtGRK'),
(27, 72, 'GgfFrs'),
(27, 76, 'oPWejB'),
(27, 88, 'RTzgsh'),
(27, 90, 'JPgAwd'),
(27, 95, 'vboMtF'),
(27, 96, 'IFSSqS'),
(27, 99, 'PqHqas'),
(28, 6, 'CgTdXL'),
(28, 8, 'WyHuFL'),
(28, 9, 'qSbmYu'),
(28, 13, 'WTwWrQ'),
(28, 15, 'CDlJGT'),
(28, 17, 'emqGBn'),
(28, 18, 'kfSQZU'),
(28, 20, 'uTNPuh'),
(28, 31, 'VAeXDy'),
(28, 33, 'wEtshB'),
(28, 34, 'yeMJkP'),
(28, 36, 'onImcR'),
(28, 39, 'BTrlAX'),
(28, 43, 'LAwnzX'),
(28, 44, 'kfxuaZ'),
(28, 46, 'PolOLU'),
(28, 48, 'GOZSsk'),
(28, 50, 'FKQyVv'),
(28, 52, 'mgBeTV'),
(28, 56, 'VBtoXJ'),
(28, 59, 'yhJHbP'),
(28, 62, 'uGCdNI'),
(28, 66, 'TgknTs'),
(28, 73, 'DDTiSB'),
(28, 74, 'VIlrGq'),
(28, 76, 'fGVmXd'),
(28, 80, 'AlaOHz'),
(28, 88, 'gCITVE'),
(28, 95, 'KrPqCC'),
(28, 96, 'ateTXr'),
(28, 98, 'dxNAzE'),
(29, 4, 'jPrIBq'),
(29, 18, 'dpFJrr'),
(29, 26, 'WNxreU'),
(29, 33, 'jFWHUm'),
(29, 36, 'LocrLe'),
(29, 43, 'DRVnuz'),
(29, 44, 'OwLbPW'),
(29, 46, 'kgpbjA'),
(29, 48, 'NZRrrU'),
(29, 58, 'zBKBfG'),
(29, 59, 'lqCobc'),
(29, 64, 'JWywYi'),
(29, 71, 'fVaVFk'),
(29, 74, 'gQnEYg'),
(29, 77, 'dcFCUb'),
(29, 78, 'LHvstF'),
(29, 79, 'NTBiTy'),
(29, 80, 'GjYjSJ'),
(29, 82, 'IEBzfB'),
(29, 84, 'RAxSLW'),
(29, 86, 'kMrzHD'),
(29, 92, 'cAHLfo'),
(30, 1, 'zVqzly'),
(30, 8, 'yvFeCL'),
(30, 14, 'znphFz'),
(30, 16, 'VvofIj'),
(30, 18, 'piIzyE'),
(30, 21, 'GejpmV'),
(30, 26, 'DVBltT'),
(30, 28, 'qkOXTb'),
(30, 36, 'hxZSwC'),
(30, 41, 'UkjmbM'),
(30, 44, 'hLRCMg'),
(30, 49, 'byStBl'),
(30, 50, 'dEUwbT'),
(30, 51, 'LuAuev'),
(30, 55, 'dqpzjo'),
(30, 56, 'VxItpQ'),
(30, 58, 'HLftco'),
(30, 82, 'DjUbQc'),
(30, 83, 'mszuro'),
(30, 90, 'UWLzji'),
(30, 91, 'XidlJj'),
(30, 96, 'aHiOqi'),
(31, 1, 'upLyqo'),
(31, 2, 'rNzseV'),
(31, 4, 'MmaUes'),
(31, 14, 'giFhix'),
(31, 15, 'UUhIHk'),
(31, 16, 'IVdhmu'),
(31, 18, 'aiSdok'),
(31, 21, 'WPiafL'),
(31, 25, 'BSnCIW'),
(31, 33, 'jpCLvK'),
(31, 34, 'LyWera'),
(31, 35, 'CRARyF'),
(31, 36, 'nGgztV'),
(31, 38, 'AcftXB'),
(31, 49, 'ucLdLm'),
(31, 57, 'GhSuFT'),
(31, 59, 'yZPvZt'),
(31, 68, 'bFVrAR'),
(31, 72, 'pTAapl'),
(31, 73, 'QFrhBh'),
(31, 74, 'TVBcMV'),
(31, 76, 'SFaqiF'),
(31, 80, 'FrVrHi'),
(31, 82, 'lrTosu'),
(31, 83, 'OGnKmf'),
(31, 85, 'CrHgPq'),
(31, 89, 'qnyBMk'),
(31, 90, 'Vwiiak'),
(31, 97, 'lGSOyC'),
(32, 9, 'TAblwd'),
(32, 18, 'wxLSqB'),
(32, 19, 'mOPRNf'),
(32, 23, 'nVxhyY'),
(32, 24, 'QYbGfq'),
(32, 29, 'FyXaGe'),
(32, 30, 'gNwohY'),
(32, 33, 'rOZrhf'),
(32, 36, 'TNsheW'),
(32, 39, 'GCEIPG'),
(32, 49, 'PIsgrv'),
(32, 50, 'JObxBY'),
(32, 55, 'aokrtq'),
(32, 67, 'zIGSXj'),
(32, 69, 'pWVctr'),
(32, 75, 'ImqRMQ'),
(32, 76, 'aOvgXk'),
(32, 77, 'LcxYJy'),
(32, 78, 'YYZqRL'),
(32, 79, 'VrpBIG'),
(32, 84, 'NFhelH'),
(32, 93, 'FGahDN'),
(32, 94, 'GfLvwW'),
(32, 95, 'mkMwTM'),
(32, 97, 'PNxlCu'),
(33, 3, 'XjTVQV'),
(33, 8, 'TbtURg'),
(33, 13, 'mTGSIO'),
(33, 15, 'YFcBfM'),
(33, 17, 'DxhpFe'),
(33, 19, 'ORJSjg'),
(33, 22, 'bKahVa'),
(33, 26, 'sbozHE'),
(33, 35, 'VNYfKX'),
(33, 40, 'hBdPtr'),
(33, 46, 'bJObgf'),
(33, 52, 'gZMjVU'),
(33, 53, 'IpzpZl'),
(33, 59, 'cQPkUP'),
(33, 64, 'ixLEla'),
(33, 70, 'pavfuq'),
(33, 71, 'GxQQMS'),
(33, 73, 'bAzEKn'),
(33, 76, 'XgBafb'),
(33, 77, 'FlWMxH'),
(33, 79, 'TxUume'),
(33, 81, 'CzIQfq'),
(33, 82, 'yqnehS'),
(33, 85, 'xwGgir'),
(33, 90, 'MveApI'),
(33, 91, 'CXXADF'),
(33, 98, 'kdOlcK'),
(34, 9, 'xVIhQz'),
(34, 14, 'woWUVe'),
(34, 16, 'dxJoCT'),
(34, 20, 'qgcpZQ'),
(34, 26, 'HEoFSE'),
(34, 28, 'RaFCGc'),
(34, 36, 'XTYLEf'),
(34, 40, 'RDPbDQ'),
(34, 41, 'QhDJVf'),
(34, 43, 'DlmFCb'),
(34, 47, 'rQcIBB'),
(34, 54, 'CaqjwI'),
(34, 57, 'dwkzvi'),
(34, 61, 'BrwyHB'),
(34, 63, 'osDqyl'),
(34, 66, 'xQMCpY'),
(34, 74, 'BYlpAL'),
(34, 79, 'gmSetm'),
(34, 82, 'aVhCAb'),
(34, 85, 'JOvOcN'),
(34, 90, 'vXBzpf'),
(34, 91, 'jsJuBl'),
(34, 95, 'KnOniq'),
(34, 96, 'bWEKoo'),
(35, 1, 'HMbRVJ'),
(35, 4, 'MSnNPU'),
(35, 13, 'FBYolM'),
(35, 17, 'TQRiuw'),
(35, 18, 'QrUnGj'),
(35, 21, 'TTWWVv'),
(35, 24, 'SDEqiO'),
(35, 30, 'mLtxRY'),
(35, 33, 'ZoretW'),
(35, 36, 'Ixlqnw'),
(35, 39, 'cZLQFi'),
(35, 42, 'Wxgusa'),
(35, 46, 'XXJyUe'),
(35, 49, 'oLAzrv'),
(35, 51, 'ubiYrZ'),
(35, 52, 'oSIGQn'),
(35, 55, 'SDWUnM'),
(35, 61, 'cYyIKn'),
(35, 64, 'vPYXmX'),
(35, 65, 'JtThlA'),
(35, 67, 'IwzycL'),
(35, 68, 'YkRRxx'),
(35, 70, 'EZFpvK'),
(35, 74, 'LxYdzG'),
(35, 75, 'TRLTWA'),
(35, 76, 'OxcNUU'),
(35, 78, 'wwUolP'),
(35, 79, 'fzvnjq'),
(35, 84, 'rslccu'),
(35, 89, 'geoYQm'),
(35, 91, 'VMgBei'),
(35, 96, 'szdUvF'),
(35, 99, 'cRBwpG'),
(36, 2, 'vZqYVq'),
(36, 5, 'ajHhuk'),
(36, 6, 'vHCbPF'),
(36, 7, 'reWcpO'),
(36, 10, 'AXBrTe'),
(36, 18, 'ZZWfiz'),
(36, 21, 'DxQuQM'),
(36, 23, 'LwPMjL'),
(36, 24, 'NgMhYU'),
(36, 34, 'NhztJK'),
(36, 37, 'lLdyxK'),
(36, 43, 'XYHiJo'),
(36, 46, 'dyYQwC'),
(36, 50, 'Pubaca'),
(36, 53, 'tLqoUJ'),
(36, 58, 'KsZTwc'),
(36, 66, 'LXgXhU'),
(36, 82, 'WWTJSM'),
(36, 86, 'hpDWtv'),
(36, 92, 'aooKQa'),
(36, 93, 'mxQNQh'),
(36, 94, 'wMBTVc'),
(36, 95, 'PabVVl'),
(37, 8, 'KOtulA'),
(37, 12, 'knjaYO'),
(37, 13, 'gYjIBA'),
(37, 14, 'FLvvjM'),
(37, 15, 'iHmhcy'),
(37, 17, 'cNgLyu'),
(37, 20, 'QlFxnO'),
(37, 28, 'AWsyst'),
(37, 32, 'YCrXoe'),
(37, 35, 'crWoNN'),
(37, 36, 'qzcCXz'),
(37, 45, 'mUoDOH'),
(37, 58, 'fFPaWe'),
(37, 61, 'DBTEcK'),
(37, 65, 'OunjiQ'),
(37, 69, 'inwjdD'),
(37, 72, 'cYfwcp'),
(37, 77, 'gFqXge'),
(37, 82, 'ASFTcG'),
(37, 84, 'PkpxfV'),
(37, 90, 'tcsrjR'),
(37, 97, 'xRmZHQ'),
(37, 98, 'sAzNDd'),
(38, 7, 'UwyJDR'),
(38, 9, 'IjOSsj'),
(38, 10, 'lpbJvC'),
(38, 25, 'WllCfd'),
(38, 26, 'VkQBjf'),
(38, 27, 'vKCPoO'),
(38, 31, 'PnbrOR'),
(38, 34, 'OxOkkc'),
(38, 36, 'caZdba'),
(38, 41, 'FrKBZl'),
(38, 42, 'bDcAtg'),
(38, 44, 'oVEGdr'),
(38, 46, 'bKhEjV'),
(38, 47, 'eMKAmg'),
(38, 48, 'kiQExc'),
(38, 50, 'JOdyva'),
(38, 51, 'yRfoSM'),
(38, 56, 'Vgbvrd'),
(38, 57, 'DTFPur'),
(38, 63, 'YBXbBo'),
(38, 70, 'FcSeyC'),
(38, 71, 'vmPMNu'),
(38, 73, 'yzQgta'),
(38, 83, 'ZBjyJM'),
(38, 84, 'PufxoS'),
(38, 85, 'pCTYli'),
(38, 86, 'spCnmz'),
(38, 88, 'rcVwxh'),
(38, 89, 'GBgEoh'),
(38, 95, 'yMzYct'),
(38, 96, 'FIXfWS'),
(38, 99, 'YYrhjS'),
(39, 4, 'nzDMBL'),
(39, 7, 'fkwvhO'),
(39, 14, 'PqurBg'),
(39, 15, 'VdRdzF'),
(39, 16, 'xTwIjp'),
(39, 24, 'SSgFal'),
(39, 25, 'MpGxSk'),
(39, 28, 'WaIgib'),
(39, 34, 'NurEEY'),
(39, 35, 'Plagvv'),
(39, 38, 'TOJNtH'),
(39, 39, 'vbMdbz'),
(39, 40, 'beyyEe'),
(39, 42, 'LyBnAm'),
(39, 45, 'kcdqTj'),
(39, 47, 'EcIRhC'),
(39, 52, 'lZjVqP'),
(39, 53, 'JCsWDn'),
(39, 55, 'cggZXT'),
(39, 56, 'pHLNLy'),
(39, 59, 'xubSBY'),
(39, 60, 'wWpXRA'),
(39, 65, 'CqpqMG'),
(39, 66, 'DpcxjD'),
(39, 74, 'zHcmMk'),
(39, 76, 'OcZdCE'),
(39, 77, 'EreAkF'),
(39, 78, 'fTqRNg'),
(39, 81, 'iDerJf'),
(39, 83, 'lbFYMN'),
(39, 84, 'uRowHh'),
(39, 97, 'MwsykY');

--
-- Index pour les tables exportées
--

--
-- Index pour la table `article`
--
ALTER TABLE `article`
 ADD PRIMARY KEY (`id`);

--
-- Index pour la table `commande`
--
ALTER TABLE `commande`
 ADD PRIMARY KEY (`id`);

--
-- Index pour la table `commande_has_article`
--
ALTER TABLE `commande_has_article`
 ADD PRIMARY KEY (`commande_id`,`article_id`), ADD KEY `fk_commande_has_article_article1_idx` (`article_id`), ADD KEY `fk_commande_has_article_commande1_idx` (`commande_id`), ADD KEY `fk_commande_has_article_container1` (`container_id`);

--
-- Index pour la table `container`
--
ALTER TABLE `container`
 ADD PRIMARY KEY (`id`), ADD UNIQUE KEY `nom_UNIQUE` (`nom`);

--
-- Index pour la table `fournisseur`
--
ALTER TABLE `fournisseur`
 ADD PRIMARY KEY (`id`);

--
-- Index pour la table `fournisseur_has_article`
--
ALTER TABLE `fournisseur_has_article`
 ADD PRIMARY KEY (`fournisseur_id`,`article_id`), ADD KEY `fk_fournisseur_has_article_article1_idx` (`article_id`), ADD KEY `fk_fournisseur_has_article_fournisseur1_idx` (`fournisseur_id`);

--
-- AUTO_INCREMENT pour les tables exportées
--

--
-- AUTO_INCREMENT pour la table `article`
--
ALTER TABLE `article`
MODIFY `id` int(11) NOT NULL AUTO_INCREMENT,AUTO_INCREMENT=101;
--
-- AUTO_INCREMENT pour la table `commande`
--
ALTER TABLE `commande`
MODIFY `id` int(11) NOT NULL AUTO_INCREMENT,AUTO_INCREMENT=51;
--
-- AUTO_INCREMENT pour la table `container`
--
ALTER TABLE `container`
MODIFY `id` int(11) NOT NULL AUTO_INCREMENT;
--
-- AUTO_INCREMENT pour la table `fournisseur`
--
ALTER TABLE `fournisseur`
MODIFY `id` int(11) NOT NULL AUTO_INCREMENT,AUTO_INCREMENT=41;
--
-- Contraintes pour les tables exportées
--

--
-- Contraintes pour la table `commande_has_article`
--
ALTER TABLE `commande_has_article`
ADD CONSTRAINT `fk_commande_has_article_article1` FOREIGN KEY (`article_id`) REFERENCES `article` (`id`) ON DELETE CASCADE ON UPDATE CASCADE,
ADD CONSTRAINT `fk_commande_has_article_commande1` FOREIGN KEY (`commande_id`) REFERENCES `commande` (`id`) ON DELETE CASCADE ON UPDATE CASCADE,
ADD CONSTRAINT `fk_commande_has_article_container1` FOREIGN KEY (`container_id`) REFERENCES `container` (`id`) ON DELETE CASCADE ON UPDATE CASCADE;

--
-- Contraintes pour la table `fournisseur_has_article`
--
ALTER TABLE `fournisseur_has_article`
ADD CONSTRAINT `fk_fournisseur_has_article_article1` FOREIGN KEY (`article_id`) REFERENCES `article` (`id`) ON DELETE CASCADE ON UPDATE CASCADE,
ADD CONSTRAINT `fk_fournisseur_has_article_fournisseur1` FOREIGN KEY (`fournisseur_id`) REFERENCES `fournisseur` (`id`) ON DELETE CASCADE ON UPDATE CASCADE;

/*!40101 SET CHARACTER_SET_CLIENT=@OLD_CHARACTER_SET_CLIENT */;
/*!40101 SET CHARACTER_SET_RESULTS=@OLD_CHARACTER_SET_RESULTS */;
/*!40101 SET COLLATION_CONNECTION=@OLD_COLLATION_CONNECTION */;
